phase,elapsed_since_start,green_x,green_y,blue_x,blue_y,computed_dx,computed_dy,computed_distance,error_x_flag,error_y_flag,error_any_flag
follow,0.000126,668,293,92,43,576,250,627.914007,1,1,1
follow,0.000242,668,293,92,43,576,250,627.914007,1,1,1
follow,0.000286,668,293,92,43,576,250,627.914007,1,1,1
follow,0.000318,688,691,112,355,576,336,666.837311,1,1,1
follow,0.000347,688,691,112,355,576,336,666.837311,1,1,1
follow,0.000372,688,691,112,355,576,336,666.837311,1,1,1
follow,0.000397,699,691,123,355,576,336,666.837311,1,1,1
follow,0.000422,699,691,123,355,576,336,666.837311,1,1,1
follow,0.000447,699,691,699,691,0,0,0.000000,1,1,1
follow,0.000472,699,691,699,691,0,0,0.000000,1,1,1
follow,0.000498,714,691,714,691,0,0,0.000000,1,1,1
follow,0.000521,714,691,714,691,0,0,0.000000,1,1,1
follow,0.000544,714,691,714,691,0,0,0.000000,1,1,1
follow,0.000567,743,691,743,691,0,0,0.000000,1,1,1
follow,0.000589,743,691,743,691,0,0,0.000000,1,1,1
follow,0.000612,743,691,743,691,0,0,0.000000,1,1,1
follow,0.000634,743,691,743,691,0,0,0.000000,1,1,1
follow,0.000672,766,691,766,691,0,0,0.000000,1,1,1
follow,0.000696,766,691,766,691,0,0,0.000000,1,1,1
follow,0.000719,766,691,766,691,0,0,0.000000,1,1,1
follow,0.000742,789,691,789,691,0,0,0.000000,1,1,1
follow,0.000766,789,691,789,691,0,0,0.000000,1,1,1
follow,0.000789,789,691,789,691,0,0,0.000000,1,1,1
follow,0.000811,820,691,820,691,0,0,0.000000,1,1,1
follow,0.000824,820,691,820,691,0,0,0.000000,1,1,1
follow,0.000838,820,691,820,691,0,0,0.000000,1,1,1
follow,0.000851,845,691,845,691,0,0,0.000000,1,1,1
follow,0.000864,845,691,845,691,0,0,0.000000,1,1,1
follow,0.000877,845,691,845,691,0,0,0.000000,1,1,1
follow,0.000890,869,648,869,648,0,0,0.000000,1,1,1
follow,0.000903,869,648,869,648,0,0,0.000000,1,1,1
follow,0.000916,869,648,869,648,0,0,0.000000,1,1,1
follow,0.000929,869,648,869,648,0,0,0.000000,1,1,1
follow,0.000942,883,595,883,595,0,0,0.000000,1,1,1
follow,0.000957,883,595,883,595,0,0,0.000000,1,1,1
follow,0.000971,883,595,883,595,0,0,0.000000,1,1,1
follow,0.000984,883,548,883,548,0,0,0.000000,1,1,1
follow,0.000997,883,548,883,548,0,0,0.000000,1,1,1
follow,0.001010,883,548,883,548,0,0,0.000000,1,1,1
follow,0.001023,883,516,883,516,0,0,0.000000,1,1,1
follow,0.001036,883,516,883,516,0,0,0.000000,1,1,1
follow,0.001049,883,516,883,516,0,0,0.000000,1,1,1
follow,0.001062,883,486,883,486,0,0,0.000000,1,1,1
follow,0.001075,883,486,883,486,0,0,0.000000,1,1,1
follow,0.001088,883,486,883,486,0,0,0.000000,1,1,1
follow,0.001101,883,450,883,450,0,0,0.000000,1,1,1
follow,0.001114,883,450,883,450,0,0,0.000000,1,1,1
follow,0.001127,883,428,883,428,0,0,0.000000,1,1,1
follow,0.001140,883,428,883,428,0,0,0.000000,1,1,1
follow,0.001152,883,428,883,428,0,0,0.000000,1,1,1
follow,0.001165,883,397,883,397,0,0,0.000000,1,1,1
follow,0.001178,883,397,883,397,0,0,0.000000,1,1,1
follow,0.001191,883,397,883,397,0,0,0.000000,1,1,1
follow,0.001204,883,355,883,355,0,0,0.000000,1,1,1
follow,0.001217,883,355,883,355,0,0,0.000000,1,1,1
follow,0.001230,883,355,883,355,0,0,0.000000,1,1,1
follow,0.001243,883,327,883,327,0,0,0.000000,1,1,1
follow,0.001261,883,327,883,327,0,0,0.000000,1,1,1
follow,0.001274,883,327,883,327,0,0,0.000000,1,1,1
follow,0.001287,883,272,883,272,0,0,0.000000,1,1,1
follow,0.001300,883,272,883,272,0,0,0.000000,1,1,1
follow,0.001312,883,272,883,272,0,0,0.000000,1,1,1
follow,0.001326,883,206,883,206,0,0,0.000000,1,1,1
follow,0.001339,883,206,883,206,0,0,0.000000,1,1,1
follow,0.001352,883,206,883,206,0,0,0.000000,1,1,1
follow,0.001367,883,206,883,206,0,0,0.000000,1,1,1
follow,0.001380,883,206,883,206,0,0,0.000000,1,1,1
follow,0.001393,883,206,883,206,0,0,0.000000,1,1,1
follow,0.001405,883,260,883,260,0,0,0.000000,1,1,1
follow,0.001418,883,260,883,260,0,0,0.000000,1,1,1
follow,0.001431,883,260,883,260,0,0,0.000000,1,1,1
follow,0.001444,883,306,883,306,0,0,0.000000,1,1,1
follow,0.001457,883,306,883,306,0,0,0.000000,1,1,1
follow,0.001469,883,306,883,306,0,0,0.000000,1,1,1
follow,0.001483,883,336,883,336,0,0,0.000000,1,1,1
follow,0.001495,883,336,883,336,0,0,0.000000,1,1,1
follow,0.001508,883,336,883,336,0,0,0.000000,1,1,1
follow,0.001523,883,336,883,336,0,0,0.000000,1,1,1
follow,0.001536,883,373,883,373,0,0,0.000000,1,1,1
follow,0.001549,883,373,883,373,0,0,0.000000,1,1,1
follow,0.001562,883,373,883,373,0,0,0.000000,1,1,1
follow,0.001575,883,405,883,405,0,0,0.000000,1,1,1
follow,0.001588,883,405,883,405,0,0,0.000000,1,1,1
follow,0.001601,883,405,883,405,0,0,0.000000,1,1,1
follow,0.001614,883,442,883,442,0,0,0.000000,1,1,1
follow,0.001626,883,442,883,442,0,0,0.000000,1,1,1
follow,0.001639,883,442,883,442,0,0,0.000000,1,1,1
follow,0.001653,883,478,883,478,0,0,0.000000,1,1,1
follow,0.001666,883,478,883,478,0,0,0.000000,1,1,1
follow,0.001678,883,478,883,478,0,0,0.000000,1,1,1
follow,0.001691,883,516,883,516,0,0,0.000000,1,1,1
follow,0.001704,883,516,883,516,0,0,0.000000,1,1,1
follow,0.001717,883,548,883,548,0,0,0.000000,1,1,1
follow,0.001731,883,548,883,548,0,0,0.000000,1,1,1
follow,0.001744,883,548,883,548,0,0,0.000000,1,1,1
follow,0.001756,883,585,883,585,0,0,0.000000,1,1,1
follow,0.001769,883,585,883,585,0,0,0.000000,1,1,1
follow,0.001786,883,585,883,585,0,0,0.000000,1,1,1
follow,0.001799,880,626,880,626,0,0,0.000000,1,1,1
follow,0.001812,880,626,880,626,0,0,0.000000,1,1,1
follow,0.001825,880,626,880,626,0,0,0.000000,1,1,1
follow,0.001838,857,670,857,670,0,0,0.000000,1,1,1
follow,0.001851,857,670,857,670,0,0,0.000000,1,1,1
follow,0.001863,857,670,857,670,0,0,0.000000,1,1,1
follow,0.001876,827,691,827,691,0,0,0.000000,1,1,1
follow,0.001889,827,691,827,691,0,0,0.000000,1,1,1
follow,0.001901,827,691,827,691,0,0,0.000000,1,1,1
follow,0.001914,827,691,827,691,0,0,0.000000,1,1,1
follow,0.001927,802,691,802,691,0,0,0.000000,1,1,1
follow,0.001941,802,691,802,691,0,0,0.000000,1,1,1
follow,0.001954,802,691,802,691,0,0,0.000000,1,1,1
follow,0.001966,802,691,802,691,0,0,0.000000,1,1,1
follow,0.001983,777,691,777,691,0,0,0.000000,1,1,1
follow,0.002012,777,691,777,691,0,0,0.000000,1,1,1
follow,0.002026,777,691,777,691,0,0,0.000000,1,1,1
follow,0.002039,749,691,749,691,0,0,0.000000,1,1,1
follow,0.002052,749,691,749,691,0,0,0.000000,1,1,1
follow,0.002064,749,691,749,691,0,0,0.000000,1,1,1
follow,0.002077,728,691,728,691,0,0,0.000000,1,1,1
follow,0.002094,728,691,728,691,0,0,0.000000,1,1,1
follow,0.002117,728,691,728,691,0,0,0.000000,1,1,1
follow,0.002130,703,691,703,691,0,0,0.000000,1,1,1
follow,0.002143,703,691,703,691,0,0,0.000000,1,1,1
follow,0.002156,703,691,703,691,0,0,0.000000,1,1,1
follow,0.002168,690,691,690,691,0,0,0.000000,1,1,1
follow,0.002181,690,691,690,691,0,0,0.000000,1,1,1
follow,0.002196,690,691,690,691,0,0,0.000000,1,1,1
follow,0.002209,684,691,684,691,0,0,0.000000,1,1,1
follow,0.002222,684,691,684,691,0,0,0.000000,1,1,1
follow,0.002236,684,691,684,691,0,0,0.000000,1,1,1
follow,0.002249,680,691,680,691,0,0,0.000000,1,1,1
follow,0.002262,680,691,680,691,0,0,0.000000,1,1,1
follow,0.002275,680,691,680,691,0,0,0.000000,1,1,1
follow,0.002287,684,691,684,691,0,0,0.000000,1,1,1
follow,0.002300,684,691,684,691,0,0,0.000000,1,1,1
follow,0.002313,684,691,684,691,0,0,0.000000,1,1,1
follow,0.002326,691,691,691,691,0,0,0.000000,1,1,1
follow,0.002343,691,691,691,691,0,0,0.000000,1,1,1
follow,0.002356,691,691,691,691,0,0,0.000000,1,1,1
follow,0.002368,704,691,704,691,0,0,0.000000,1,1,1
follow,0.002381,704,691,704,691,0,0,0.000000,1,1,1
follow,0.002393,704,691,704,691,0,0,0.000000,1,1,1
follow,0.002406,704,691,704,691,0,0,0.000000,1,1,1
follow,0.002419,726,691,726,691,0,0,0.000000,1,1,1
follow,0.002432,726,691,726,691,0,0,0.000000,1,1,1
follow,0.002445,726,691,726,691,0,0,0.000000,1,1,1
follow,0.002458,726,691,726,691,0,0,0.000000,1,1,1
follow,0.002470,761,691,761,691,0,0,0.000000,1,1,1
follow,0.002483,761,691,761,691,0,0,0.000000,1,1,1
follow,0.002497,761,691,761,691,0,0,0.000000,1,1,1
follow,0.002510,789,691,789,691,0,0,0.000000,1,1,1
follow,0.002523,789,691,789,691,0,0,0.000000,1,1,1
follow,0.002535,789,691,789,691,0,0,0.000000,1,1,1
follow,0.002548,838,691,838,691,0,0,0.000000,1,1,1
follow,0.002561,838,691,838,691,0,0,0.000000,1,1,1
follow,0.002573,874,691,874,691,0,0,0.000000,1,1,1
follow,0.002586,874,691,874,691,0,0,0.000000,1,1,1
follow,0.002599,874,691,874,691,0,0,0.000000,1,1,1
follow,0.002611,883,691,883,691,0,0,0.000000,1,1,1
follow,0.002624,883,691,883,691,0,0,0.000000,1,1,1
follow,0.002637,883,691,883,691,0,0,0.000000,1,1,1
follow,0.002650,883,691,883,691,0,0,0.000000,1,1,1
follow,0.002662,883,691,883,691,0,0,0.000000,1,1,1
follow,0.002675,883,691,883,691,0,0,0.000000,1,1,1
follow,0.002688,883,691,883,691,0,0,0.000000,1,1,1
follow,0.002701,883,691,883,691,0,0,0.000000,1,1,1
follow,0.002713,883,691,883,691,0,0,0.000000,1,1,1
follow,0.002726,883,691,883,691,0,0,0.000000,1,1,1
follow,0.002739,883,691,883,691,0,0,0.000000,1,1,1
follow,0.002752,883,691,883,691,0,0,0.000000,1,1,1
follow,0.002764,883,691,883,691,0,0,0.000000,1,1,1
follow,0.002775,883,691,883,691,0,0,0.000000,1,1,1
follow,0.002786,883,691,883,691,0,0,0.000000,1,1,1
follow,0.002798,883,688,883,688,0,0,0.000000,1,1,1
follow,0.002809,883,688,883,688,0,0,0.000000,1,1,1
follow,0.002820,883,688,883,688,0,0,0.000000,1,1,1
follow,0.002831,883,636,883,636,0,0,0.000000,1,1,1
follow,0.002846,883,636,883,636,0,0,0.000000,1,1,1
follow,0.002857,883,636,883,636,0,0,0.000000,1,1,1
follow,0.002868,883,636,883,636,0,0,0.000000,1,1,1
follow,0.002879,883,603,883,603,0,0,0.000000,1,1,1
follow,0.002890,883,603,883,603,0,0,0.000000,1,1,1
follow,0.002901,883,603,883,603,0,0,0.000000,1,1,1
follow,0.002911,883,562,883,562,0,0,0.000000,1,1,1
follow,0.002922,883,562,883,562,0,0,0.000000,1,1,1
follow,0.002934,883,562,883,562,0,0,0.000000,1,1,1
follow,0.002945,883,562,883,562,0,0,0.000000,1,1,1
follow,0.002956,883,523,883,523,0,0,0.000000,1,1,1
follow,0.002966,883,523,883,523,0,0,0.000000,1,1,1
follow,0.002977,883,523,883,523,0,0,0.000000,1,1,1
follow,0.002988,883,480,883,480,0,0,0.000000,1,1,1
follow,0.002999,883,480,883,480,0,0,0.000000,1,1,1
follow,0.003010,883,480,883,480,0,0,0.000000,1,1,1
follow,0.003020,883,447,883,447,0,0,0.000000,1,1,1
follow,0.003031,883,447,883,447,0,0,0.000000,1,1,1
follow,0.003042,883,447,883,447,0,0,0.000000,1,1,1
follow,0.003053,883,447,883,447,0,0,0.000000,1,1,1
follow,0.003064,883,428,883,428,0,0,0.000000,1,1,1
follow,0.003075,883,428,883,428,0,0,0.000000,1,1,1
follow,0.003086,883,428,883,428,0,0,0.000000,1,1,1
follow,0.003097,883,398,883,398,0,0,0.000000,1,1,1
follow,0.003115,883,398,883,398,0,0,0.000000,1,1,1
follow,0.003126,883,398,883,398,0,0,0.000000,1,1,1
follow,0.003136,883,370,883,370,0,0,0.000000,1,1,1
follow,0.003150,883,370,883,370,0,0,0.000000,1,1,1
follow,0.003162,883,370,883,370,0,0,0.000000,1,1,1
follow,0.003172,883,370,883,370,0,0,0.000000,1,1,1
follow,0.003184,883,353,883,353,0,0,0.000000,1,1,1
follow,0.003195,883,353,883,353,0,0,0.000000,1,1,1
follow,0.003206,883,353,883,353,0,0,0.000000,1,1,1
follow,0.003216,883,331,883,331,0,0,0.000000,1,1,1
follow,0.003227,883,331,883,331,0,0,0.000000,1,1,1
follow,0.003238,883,331,883,331,0,0,0.000000,1,1,1
follow,0.003249,883,315,883,315,0,0,0.000000,1,1,1
follow,0.003260,883,315,883,315,0,0,0.000000,1,1,1
follow,0.003271,883,315,883,315,0,0,0.000000,1,1,1
follow,0.003282,883,301,883,301,0,0,0.000000,1,1,1
follow,0.003296,883,301,883,301,0,0,0.000000,1,1,1
follow,0.003308,883,301,883,301,0,0,0.000000,1,1,1
follow,0.003319,883,284,883,284,0,0,0.000000,1,1,1
follow,0.003329,883,284,883,284,0,0,0.000000,1,1,1
follow,0.003340,883,284,883,284,0,0,0.000000,1,1,1
follow,0.003351,883,284,883,284,0,0,0.000000,1,1,1
follow,0.003362,883,264,883,264,0,0,0.000000,1,1,1
follow,0.003373,883,264,883,264,0,0,0.000000,1,1,1
follow,0.003384,883,250,883,250,0,0,0.000000,1,1,1
follow,0.003395,883,250,883,250,0,0,0.000000,1,1,1
follow,0.003406,883,250,883,250,0,0,0.000000,1,1,1
follow,0.003417,883,243,883,243,0,0,0.000000,1,1,1
follow,0.003428,883,243,883,243,0,0,0.000000,1,1,1
follow,0.003438,883,243,883,243,0,0,0.000000,1,1,1
follow,0.003450,883,230,883,230,0,0,0.000000,1,1,1
follow,0.003460,883,230,883,230,0,0,0.000000,1,1,1
follow,0.003473,883,230,883,230,0,0,0.000000,1,1,1
follow,0.003484,883,215,883,215,0,0,0.000000,1,1,1
follow,0.003495,883,215,883,215,0,0,0.000000,1,1,1
follow,0.003505,883,215,883,215,0,0,0.000000,1,1,1
follow,0.003516,855,200,855,200,0,0,0.000000,1,1,1
follow,0.003536,855,200,855,200,0,0,0.000000,1,1,1
follow,0.003547,855,200,855,200,0,0,0.000000,1,1,1
follow,0.003559,782,188,782,188,0,0,0.000000,1,1,1
follow,0.003570,782,188,782,188,0,0,0.000000,1,1,1
follow,0.003581,782,188,782,188,0,0,0.000000,1,1,1
follow,0.003591,728,179,728,179,0,0,0.000000,1,1,1
follow,0.003603,728,179,728,179,0,0,0.000000,1,1,1
follow,0.003614,728,179,728,179,0,0,0.000000,1,1,1
follow,0.003625,728,179,728,179,0,0,0.000000,1,1,1
follow,0.003636,660,166,660,166,0,0,0.000000,1,1,1
follow,0.003647,660,166,660,166,0,0,0.000000,1,1,1
follow,0.003657,660,166,660,166,0,0,0.000000,1,1,1
follow,0.003669,581,149,581,149,0,0,0.000000,1,1,1
follow,0.003683,581,149,581,149,0,0,0.000000,1,1,1
follow,0.003694,581,149,581,149,0,0,0.000000,1,1,1
follow,0.003705,525,135,525,135,0,0,0.000000,1,1,1
follow,0.003716,525,135,525,135,0,0,0.000000,1,1,1
follow,0.003730,525,135,525,135,0,0,0.000000,1,1,1
follow,0.003741,474,119,474,119,0,0,0.000000,1,1,1
follow,0.003756,474,119,474,119,0,0,0.000000,1,1,1
follow,0.003767,474,119,474,119,0,0,0.000000,1,1,1
follow,0.003778,425,104,425,104,0,0,0.000000,1,1,1
follow,0.003789,425,104,425,104,0,0,0.000000,1,1,1
follow,0.003800,425,104,425,104,0,0,0.000000,1,1,1
follow,0.003811,376,88,376,88,0,0,0.000000,1,1,1
follow,0.003822,376,88,376,88,0,0,0.000000,1,1,1
follow,0.003832,376,88,376,88,0,0,0.000000,1,1,1
follow,0.003843,326,72,326,72,0,0,0.000000,1,1,1
follow,0.003854,326,72,326,72,0,0,0.000000,1,1,1
follow,0.003865,326,72,326,72,0,0,0.000000,1,1,1
follow,0.003876,273,57,273,57,0,0,0.000000,1,1,1
follow,0.003887,273,57,273,57,0,0,0.000000,1,1,1
follow,0.003899,199,39,199,39,0,0,0.000000,1,1,1
follow,0.003910,199,39,199,39,0,0,0.000000,1,1,1
follow,0.003921,199,39,199,39,0,0,0.000000,1,1,1
follow,0.003932,150,29,150,29,0,0,0.000000,1,1,1
follow,0.003943,150,29,150,29,0,0,0.000000,1,1,1
follow,0.003954,150,29,150,29,0,0,0.000000,1,1,1
follow,0.003965,75,28,75,28,0,0,0.000000,1,1,1
follow,0.003976,75,28,75,28,0,0,0.000000,1,1,1
follow,0.003987,75,28,75,28,0,0,0.000000,1,1,1
follow,0.003997,28,28,28,28,0,0,0.000000,1,1,1
follow,0.004008,28,28,28,28,0,0,0.000000,1,1,1
follow,0.004019,28,28,28,28,0,0,0.000000,1,1,1
follow,0.004030,95,28,95,28,0,0,0.000000,1,1,1
follow,0.004041,95,28,95,28,0,0,0.000000,1,1,1
follow,0.004052,95,28,95,28,0,0,0.000000,1,1,1
follow,0.004063,167,33,167,33,0,0,0.000000,1,1,1
follow,0.004073,167,33,167,33,0,0,0.000000,1,1,1
follow,0.004084,167,33,167,33,0,0,0.000000,1,1,1
follow,0.004095,215,43,215,43,0,0,0.000000,1,1,1
follow,0.004109,215,43,215,43,0,0,0.000000,1,1,1
follow,0.004120,215,43,215,43,0,0,0.000000,1,1,1
follow,0.004131,287,61,287,61,0,0,0.000000,1,1,1
follow,0.004142,287,61,287,61,0,0,0.000000,1,1,1
follow,0.004154,287,61,287,61,0,0,0.000000,1,1,1
follow,0.004165,287,61,287,61,0,0,0.000000,1,1,1
follow,0.004176,326,72,326,72,0,0,0.000000,1,1,1
follow,0.004187,326,72,326,72,0,0,0.000000,1,1,1
follow,0.004201,326,72,326,72,0,0,0.000000,1,1,1
follow,0.004212,326,72,326,72,0,0,0.000000,1,1,1
follow,0.004224,401,96,401,96,0,0,0.000000,1,1,1
follow,0.004234,401,96,401,96,0,0,0.000000,1,1,1
follow,0.004245,401,96,401,96,0,0,0.000000,1,1,1
follow,0.004256,461,115,461,115,0,0,0.000000,1,1,1
follow,0.004267,461,115,461,115,0,0,0.000000,1,1,1
follow,0.004278,461,115,461,115,0,0,0.000000,1,1,1
follow,0.004289,512,131,512,131,0,0,0.000000,1,1,1
follow,0.004300,512,131,512,131,0,0,0.000000,1,1,1
follow,0.004310,512,131,512,131,0,0,0.000000,1,1,1
follow,0.004321,512,131,512,131,0,0,0.000000,1,1,1
follow,0.004336,567,146,567,146,0,0,0.000000,1,1,1
follow,0.004346,567,146,567,146,0,0,0.000000,1,1,1
follow,0.004357,567,146,567,146,0,0,0.000000,1,1,1
follow,0.004368,643,163,643,163,0,0,0.000000,1,1,1
follow,0.004379,643,163,643,163,0,0,0.000000,1,1,1
follow,0.004390,643,163,643,163,0,0,0.000000,1,1,1
follow,0.004401,746,182,746,182,0,0,0.000000,1,1,1
follow,0.004412,746,182,746,182,0,0,0.000000,1,1,1
follow,0.004423,746,182,746,182,0,0,0.000000,1,1,1
follow,0.004434,746,182,746,182,0,0,0.000000,1,1,1
follow,0.004825,837,197,837,197,0,0,0.000000,1,1,1
follow,0.004837,837,197,837,197,0,0,0.000000,1,1,1
follow,0.004848,837,197,837,197,0,0,0.000000,1,1,1
follow,0.004859,837,197,837,197,0,0,0.000000,1,1,1
follow,0.004870,883,212,883,212,0,0,0.000000,1,1,1
follow,0.004880,883,212,883,212,0,0,0.000000,1,1,1
follow,0.004891,883,212,883,212,0,0,0.000000,1,1,1
follow,0.004902,883,230,883,230,0,0,0.000000,1,1,1
follow,0.004913,883,230,883,230,0,0,0.000000,1,1,1
follow,0.004924,883,230,883,230,0,0,0.000000,1,1,1
follow,0.004935,883,243,883,243,0,0,0.000000,1,1,1
follow,0.004946,883,243,883,243,0,0,0.000000,1,1,1
follow,0.004957,883,243,883,243,0,0,0.000000,1,1,1
follow,0.004968,883,253,883,253,0,0,0.000000,1,1,1
follow,0.004978,883,253,883,253,0,0,0.000000,1,1,1
follow,0.004989,883,253,883,253,0,0,0.000000,1,1,1
follow,0.005000,883,268,883,268,0,0,0.000000,1,1,1
follow,0.005011,883,268,883,268,0,0,0.000000,1,1,1
follow,0.005027,883,268,883,268,0,0,0.000000,1,1,1
follow,0.005038,883,284,883,284,0,0,0.000000,1,1,1
follow,0.005049,883,284,883,284,0,0,0.000000,1,1,1
follow,0.005060,883,284,883,284,0,0,0.000000,1,1,1
follow,0.005071,883,301,883,301,0,0,0.000000,1,1,1
follow,0.005082,883,301,883,301,0,0,0.000000,1,1,1
follow,0.005093,883,301,883,301,0,0,0.000000,1,1,1
follow,0.005104,883,326,883,326,0,0,0.000000,1,1,1
follow,0.005115,883,326,883,326,0,0,0.000000,1,1,1
follow,0.005125,883,326,883,326,0,0,0.000000,1,1,1
follow,0.005136,883,347,883,347,0,0,0.000000,1,1,1
follow,0.005147,883,347,883,347,0,0,0.000000,1,1,1
follow,0.005159,883,347,883,347,0,0,0.000000,1,1,1
follow,0.005169,883,364,883,364,0,0,0.000000,1,1,1
follow,0.005180,883,364,883,364,0,0,0.000000,1,1,1
follow,0.005191,883,364,883,364,0,0,0.000000,1,1,1
follow,0.005203,883,376,883,376,0,0,0.000000,1,1,1
follow,0.005214,883,376,883,376,0,0,0.000000,1,1,1
follow,0.005225,883,376,883,376,0,0,0.000000,1,1,1
follow,0.005236,883,398,883,398,0,0,0.000000,1,1,1
follow,0.005246,883,398,883,398,0,0,0.000000,1,1,1
follow,0.005257,883,422,883,422,0,0,0.000000,1,1,1
follow,0.005268,883,422,883,422,0,0,0.000000,1,1,1
follow,0.005279,883,422,883,422,0,0,0.000000,1,1,1
follow,0.005290,883,453,883,453,0,0,0.000000,1,1,1
follow,0.005309,883,453,883,453,0,0,0.000000,1,1,1
follow,0.005321,883,453,883,453,0,0,0.000000,1,1,1
follow,0.005332,883,480,883,480,0,0,0.000000,1,1,1
follow,0.005343,883,480,883,480,0,0,0.000000,1,1,1
follow,0.005354,883,480,883,480,0,0,0.000000,1,1,1
follow,0.005365,883,523,883,523,0,0,0.000000,1,1,1
follow,0.005376,883,523,883,523,0,0,0.000000,1,1,1
follow,0.005388,883,523,883,523,0,0,0.000000,1,1,1
follow,0.005400,883,554,883,554,0,0,0.000000,1,1,1
follow,0.005411,883,554,883,554,0,0,0.000000,1,1,1
follow,0.005422,883,554,883,554,0,0,0.000000,1,1,1
follow,0.005433,883,594,883,594,0,0,0.000000,1,1,1
follow,0.005448,883,594,883,594,0,0,0.000000,1,1,1
follow,0.005460,883,594,883,594,0,0,0.000000,1,1,1
follow,0.005471,883,628,883,628,0,0,0.000000,1,1,1
follow,0.005485,883,628,883,628,0,0,0.000000,1,1,1
follow,0.005496,883,628,883,628,0,0,0.000000,1,1,1
follow,0.005507,883,662,883,662,0,0,0.000000,1,1,1
follow,0.005518,883,662,883,662,0,0,0.000000,1,1,1
follow,0.005530,883,662,883,662,0,0,0.000000,1,1,1
follow,0.005541,883,691,883,691,0,0,0.000000,1,1,1
follow,0.005551,883,691,883,691,0,0,0.000000,1,1,1
follow,0.005562,883,691,883,691,0,0,0.000000,1,1,1
follow,0.005573,883,691,883,691,0,0,0.000000,1,1,1
follow,0.005584,883,691,883,691,0,0,0.000000,1,1,1
follow,0.005595,883,691,883,691,0,0,0.000000,1,1,1
follow,0.005606,883,691,883,691,0,0,0.000000,1,1,1
follow,0.005617,883,691,883,691,0,0,0.000000,1,1,1
follow,0.005628,883,691,883,691,0,0,0.000000,1,1,1
follow,0.005638,883,691,883,691,0,0,0.000000,1,1,1
follow,0.005650,883,691,883,691,0,0,0.000000,1,1,1
follow,0.005660,883,691,883,691,0,0,0.000000,1,1,1
follow,0.005671,883,691,883,691,0,0,0.000000,1,1,1
follow,0.005682,883,691,883,691,0,0,0.000000,1,1,1
follow,0.005693,874,691,874,691,0,0,0.000000,1,1,1
follow,0.005704,874,691,874,691,0,0,0.000000,1,1,1
follow,0.005714,874,691,874,691,0,0,0.000000,1,1,1
follow,0.005725,874,691,874,691,0,0,0.000000,1,1,1
follow,0.005736,838,691,838,691,0,0,0.000000,1,1,1
follow,0.005749,838,691,838,691,0,0,0.000000,1,1,1
follow,0.005760,838,691,838,691,0,0,0.000000,1,1,1
follow,0.005771,838,691,838,691,0,0,0.000000,1,1,1
follow,0.005782,797,691,797,691,0,0,0.000000,1,1,1
follow,0.005793,797,691,797,691,0,0,0.000000,1,1,1
follow,0.005804,797,691,797,691,0,0,0.000000,1,1,1
follow,0.005814,768,691,768,691,0,0,0.000000,1,1,1
follow,0.005825,768,691,768,691,0,0,0.000000,1,1,1
follow,0.005836,768,691,768,691,0,0,0.000000,1,1,1
follow,0.005847,737,691,737,691,0,0,0.000000,1,1,1
follow,0.005858,737,691,737,691,0,0,0.000000,1,1,1
follow,0.005868,737,691,737,691,0,0,0.000000,1,1,1
follow,0.005880,717,691,717,691,0,0,0.000000,1,1,1
follow,0.005891,717,691,717,691,0,0,0.000000,1,1,1
follow,0.005901,717,691,717,691,0,0,0.000000,1,1,1
follow,0.005913,697,691,697,691,0,0,0.000000,1,1,1
follow,0.005927,697,691,697,691,0,0,0.000000,1,1,1
follow,0.005938,697,691,697,691,0,0,0.000000,1,1,1
follow,0.005949,687,691,687,691,0,0,0.000000,1,1,1
follow,0.005960,687,691,687,691,0,0,0.000000,1,1,1
follow,0.005972,687,691,687,691,0,0,0.000000,1,1,1
follow,0.005983,681,691,681,691,0,0,0.000000,1,1,1
follow,0.005994,681,691,681,691,0,0,0.000000,1,1,1
follow,0.006005,681,691,681,691,0,0,0.000000,1,1,1
follow,0.006016,680,691,680,691,0,0,0.000000,1,1,1
follow,0.006027,680,691,680,691,0,0,0.000000,1,1,1
follow,0.006038,680,691,680,691,0,0,0.000000,1,1,1
follow,0.006049,686,691,686,691,0,0,0.000000,1,1,1
follow,0.006060,686,691,686,691,0,0,0.000000,1,1,1
follow,0.006071,686,691,686,691,0,0,0.000000,1,1,1
follow,0.006082,693,691,693,691,0,0,0.000000,1,1,1
follow,0.006093,693,691,693,691,0,0,0.000000,1,1,1
follow,0.006107,693,691,693,691,0,0,0.000000,1,1,1
follow,0.006119,693,691,693,691,0,0,0.000000,1,1,1
follow,0.006132,706,691,706,691,0,0,0.000000,1,1,1
follow,0.006144,706,691,706,691,0,0,0.000000,1,1,1
follow,0.006156,706,691,706,691,0,0,0.000000,1,1,1
follow,0.006168,706,691,706,691,0,0,0.000000,1,1,1
follow,0.006179,733,691,733,691,0,0,0.000000,1,1,1
follow,0.006190,733,691,733,691,0,0,0.000000,1,1,1
follow,0.006201,733,691,733,691,0,0,0.000000,1,1,1
follow,0.006212,733,691,733,691,0,0,0.000000,1,1,1
follow,0.006223,754,691,754,691,0,0,0.000000,1,1,1
follow,0.006234,754,691,754,691,0,0,0.000000,1,1,1
follow,0.006245,754,691,754,691,0,0,0.000000,1,1,1
follow,0.006256,777,691,777,691,0,0,0.000000,1,1,1
follow,0.006267,777,691,777,691,0,0,0.000000,1,1,1
follow,0.006278,777,691,777,691,0,0,0.000000,1,1,1
follow,0.006289,802,691,802,691,0,0,0.000000,1,1,1
follow,0.006300,802,691,802,691,0,0,0.000000,1,1,1
follow,0.006311,802,691,802,691,0,0,0.000000,1,1,1
follow,0.006322,802,691,802,691,0,0,0.000000,1,1,1
follow,0.006333,833,691,833,691,0,0,0.000000,1,1,1
follow,0.006344,833,691,833,691,0,0,0.000000,1,1,1
follow,0.006355,833,691,833,691,0,0,0.000000,1,1,1
follow,0.006366,869,648,869,648,0,0,0.000000,1,1,1
follow,0.006385,869,648,869,648,0,0,0.000000,1,1,1
follow,0.006399,869,648,869,648,0,0,0.000000,1,1,1
follow,0.006416,883,605,883,605,0,0,0.000000,1,1,1
follow,0.006429,883,605,883,605,0,0,0.000000,1,1,1
follow,0.006440,883,605,883,605,0,0,0.000000,1,1,1
follow,0.006451,883,557,883,557,0,0,0.000000,1,1,1
follow,0.006462,883,557,883,557,0,0,0.000000,1,1,1
follow,0.006473,883,557,883,557,0,0,0.000000,1,1,1
follow,0.006484,883,532,883,532,0,0,0.000000,1,1,1
follow,0.006495,883,532,883,532,0,0,0.000000,1,1,1
follow,0.006511,883,532,883,532,0,0,0.000000,1,1,1
follow,0.006524,883,532,883,532,0,0,0.000000,1,1,1
follow,0.006535,883,500,883,500,0,0,0.000000,1,1,1
follow,0.006546,883,500,883,500,0,0,0.000000,1,1,1
follow,0.006557,883,500,883,500,0,0,0.000000,1,1,1
follow,0.006568,883,500,883,500,0,0,0.000000,1,1,1
follow,0.006579,883,457,883,457,0,0,0.000000,1,1,1
follow,0.006589,883,457,883,457,0,0,0.000000,1,1,1
follow,0.006600,883,457,883,457,0,0,0.000000,1,1,1
follow,0.006611,883,435,883,435,0,0,0.000000,1,1,1
follow,0.006622,883,435,883,435,0,0,0.000000,1,1,1
follow,0.006634,883,435,883,435,0,0,0.000000,1,1,1
follow,0.006645,883,413,883,413,0,0,0.000000,1,1,1
follow,0.006656,883,413,883,413,0,0,0.000000,1,1,1
follow,0.006666,883,413,883,413,0,0,0.000000,1,1,1
follow,0.006678,883,373,883,373,0,0,0.000000,1,1,1
follow,0.006690,883,373,883,373,0,0,0.000000,1,1,1
follow,0.006703,883,346,883,346,0,0,0.000000,1,1,1
follow,0.006714,883,346,883,346,0,0,0.000000,1,1,1
follow,0.006740,883,346,883,346,0,0,0.000000,1,1,1
follow,0.006752,883,317,883,317,0,0,0.000000,1,1,1
follow,0.006763,883,317,883,317,0,0,0.000000,1,1,1
follow,0.006774,883,317,883,317,0,0,0.000000,1,1,1
follow,0.006786,883,272,883,272,0,0,0.000000,1,1,1
follow,0.006797,883,272,883,272,0,0,0.000000,1,1,1
follow,0.006808,883,272,883,272,0,0,0.000000,1,1,1
follow,0.006821,883,272,883,272,0,0,0.000000,1,1,1
follow,0.006834,883,206,883,206,0,0,0.000000,1,1,1
follow,0.006846,883,206,883,206,0,0,0.000000,1,1,1
follow,0.006857,883,206,883,206,0,0,0.000000,1,1,1
follow,0.006873,883,206,883,206,0,0,0.000000,1,1,1
follow,0.006884,883,206,883,206,0,0,0.000000,1,1,1
follow,0.006895,883,206,883,206,0,0,0.000000,1,1,1
follow,0.006909,883,272,883,272,0,0,0.000000,1,1,1
follow,0.006923,883,272,883,272,0,0,0.000000,1,1,1
follow,0.006935,883,272,883,272,0,0,0.000000,1,1,1
follow,0.006946,883,327,883,327,0,0,0.000000,1,1,1
follow,0.006957,883,327,883,327,0,0,0.000000,1,1,1
follow,0.006968,883,327,883,327,0,0,0.000000,1,1,1
follow,0.006981,883,327,883,327,0,0,0.000000,1,1,1
follow,0.006994,883,373,883,373,0,0,0.000000,1,1,1
follow,0.007006,883,373,883,373,0,0,0.000000,1,1,1
follow,0.007019,883,373,883,373,0,0,0.000000,1,1,1
follow,0.007031,883,373,883,373,0,0,0.000000,1,1,1
follow,0.007043,883,405,883,405,0,0,0.000000,1,1,1
follow,0.007055,883,405,883,405,0,0,0.000000,1,1,1
follow,0.007065,883,405,883,405,0,0,0.000000,1,1,1
follow,0.007076,883,450,883,450,0,0,0.000000,1,1,1
follow,0.007087,883,450,883,450,0,0,0.000000,1,1,1
follow,0.007098,883,450,883,450,0,0,0.000000,1,1,1
follow,0.007109,883,471,883,471,0,0,0.000000,1,1,1
follow,0.007120,883,471,883,471,0,0,0.000000,1,1,1
follow,0.007131,883,471,883,471,0,0,0.000000,1,1,1
follow,0.007141,883,500,883,500,0,0,0.000000,1,1,1
follow,0.007153,883,500,883,500,0,0,0.000000,1,1,1
follow,0.007164,883,500,883,500,0,0,0.000000,1,1,1
follow,0.007175,883,500,883,500,0,0,0.000000,1,1,1
follow,0.007186,883,532,883,532,0,0,0.000000,1,1,1
follow,0.007197,883,532,883,532,0,0,0.000000,1,1,1
follow,0.007208,883,532,883,532,0,0,0.000000,1,1,1
follow,0.007219,883,575,883,575,0,0,0.000000,1,1,1
follow,0.007230,883,575,883,575,0,0,0.000000,1,1,1
follow,0.007242,883,575,883,575,0,0,0.000000,1,1,1
follow,0.007255,883,605,883,605,0,0,0.000000,1,1,1
follow,0.007268,883,605,883,605,0,0,0.000000,1,1,1
follow,0.007281,883,605,883,605,0,0,0.000000,1,1,1
follow,0.007292,869,648,869,648,0,0,0.000000,1,1,1
follow,0.007304,869,648,869,648,0,0,0.000000,1,1,1
follow,0.007317,869,648,869,648,0,0,0.000000,1,1,1
follow,0.007329,839,691,839,691,0,0,0.000000,1,1,1
follow,0.007345,839,691,839,691,0,0,0.000000,1,1,1
follow,0.007357,839,691,839,691,0,0,0.000000,1,1,1
follow,0.007368,814,691,814,691,0,0,0.000000,1,1,1
follow,0.007378,814,691,814,691,0,0,0.000000,1,1,1
follow,0.007389,814,691,814,691,0,0,0.000000,1,1,1
follow,0.007401,789,691,789,691,0,0,0.000000,1,1,1
follow,0.007415,789,691,789,691,0,0,0.000000,1,1,1
follow,0.007432,789,691,789,691,0,0,0.000000,1,1,1
follow,0.007445,789,691,789,691,0,0,0.000000,1,1,1
follow,0.007456,766,691,766,691,0,0,0.000000,1,1,1
follow,0.007467,766,691,766,691,0,0,0.000000,1,1,1
follow,0.007477,766,691,766,691,0,0,0.000000,1,1,1
follow,0.007488,766,691,766,691,0,0,0.000000,1,1,1
follow,0.007499,738,691,738,691,0,0,0.000000,1,1,1
follow,0.007510,738,691,738,691,0,0,0.000000,1,1,1
follow,0.007521,738,691,738,691,0,0,0.000000,1,1,1
follow,0.007532,710,691,710,691,0,0,0.000000,1,1,1
follow,0.007545,710,691,710,691,0,0,0.000000,1,1,1
follow,0.007558,710,691,710,691,0,0,0.000000,1,1,1
follow,0.007570,699,691,699,691,0,0,0.000000,1,1,1
follow,0.007582,699,691,699,691,0,0,0.000000,1,1,1
follow,0.007593,699,691,699,691,0,0,0.000000,1,1,1
follow,0.007604,690,691,690,691,0,0,0.000000,1,1,1
follow,0.007615,690,691,690,691,0,0,0.000000,1,1,1
follow,0.007626,690,691,690,691,0,0,0.000000,1,1,1
follow,0.007636,682,691,682,691,0,0,0.000000,1,1,1
follow,0.007651,682,691,682,691,0,0,0.000000,1,1,1
follow,0.007664,682,691,682,691,0,0,0.000000,1,1,1
follow,0.007675,681,691,681,691,0,0,0.000000,1,1,1
follow,0.007686,681,691,681,691,0,0,0.000000,1,1,1
follow,0.007698,681,691,681,691,0,0,0.000000,1,1,1
follow,0.007709,681,691,681,691,0,0,0.000000,1,1,1
follow,0.007720,684,691,684,691,0,0,0.000000,1,1,1
follow,0.007731,684,691,684,691,0,0,0.000000,1,1,1
follow,0.007742,684,691,684,691,0,0,0.000000,1,1,1
follow,0.007753,691,691,691,691,0,0,0.000000,1,1,1
follow,0.007764,691,691,691,691,0,0,0.000000,1,1,1
follow,0.007775,691,691,691,691,0,0,0.000000,1,1,1
follow,0.007786,708,691,708,691,0,0,0.000000,1,1,1
follow,0.007796,708,691,708,691,0,0,0.000000,1,1,1
follow,0.007811,708,691,708,691,0,0,0.000000,1,1,1
follow,0.007822,731,691,731,691,0,0,0.000000,1,1,1
follow,0.007833,731,691,731,691,0,0,0.000000,1,1,1
follow,0.007844,731,691,731,691,0,0,0.000000,1,1,1
follow,0.007856,755,691,755,691,0,0,0.000000,1,1,1
follow,0.007866,755,691,755,691,0,0,0.000000,1,1,1
follow,0.007877,755,691,755,691,0,0,0.000000,1,1,1
follow,0.007888,789,691,789,691,0,0,0.000000,1,1,1
follow,0.007899,789,691,789,691,0,0,0.000000,1,1,1
follow,0.007910,789,691,789,691,0,0,0.000000,1,1,1
follow,0.007921,821,691,821,691,0,0,0.000000,1,1,1
follow,0.007932,821,691,821,691,0,0,0.000000,1,1,1
follow,0.007943,821,691,821,691,0,0,0.000000,1,1,1
follow,0.007953,855,691,855,691,0,0,0.000000,1,1,1
follow,0.007964,855,691,855,691,0,0,0.000000,1,1,1
follow,0.007975,855,691,855,691,0,0,0.000000,1,1,1
follow,0.007992,883,691,883,691,0,0,0.000000,1,1,1
follow,0.008003,883,691,883,691,0,0,0.000000,1,1,1
follow,0.008014,883,691,883,691,0,0,0.000000,1,1,1
follow,0.008024,883,691,883,691,0,0,0.000000,1,1,1
follow,0.008035,883,691,883,691,0,0,0.000000,1,1,1
follow,0.008046,883,691,883,691,0,0,0.000000,1,1,1
follow,0.008058,883,691,883,691,0,0,0.000000,1,1,1
follow,0.008068,883,691,883,691,0,0,0.000000,1,1,1
follow,0.008079,883,691,883,691,0,0,0.000000,1,1,1
follow,0.008090,883,691,883,691,0,0,0.000000,1,1,1
follow,0.008101,883,691,883,691,0,0,0.000000,1,1,1
follow,0.008112,883,691,883,691,0,0,0.000000,1,1,1
follow,0.008122,883,691,883,691,0,0,0.000000,1,1,1
follow,0.008133,883,691,883,691,0,0,0.000000,1,1,1
follow,0.008144,883,691,883,691,0,0,0.000000,1,1,1
follow,0.008155,883,691,883,691,0,0,0.000000,1,1,1
follow,0.008166,883,691,883,691,0,0,0.000000,1,1,1
follow,0.008177,883,691,883,691,0,0,0.000000,1,1,1
follow,0.008202,883,654,883,654,0,0,0.000000,1,1,1
follow,0.008214,883,654,883,654,0,0,0.000000,1,1,1
follow,0.008224,883,654,883,654,0,0,0.000000,1,1,1
follow,0.008235,883,654,883,654,0,0,0.000000,1,1,1
follow,0.008246,883,619,883,619,0,0,0.000000,1,1,1
follow,0.008257,883,619,883,619,0,0,0.000000,1,1,1
follow,0.008272,883,619,883,619,0,0,0.000000,1,1,1
follow,0.008289,883,586,883,586,0,0,0.000000,1,1,1
follow,0.008302,883,586,883,586,0,0,0.000000,1,1,1
follow,0.008314,883,538,883,538,0,0,0.000000,1,1,1
follow,0.008325,883,538,883,538,0,0,0.000000,1,1,1
follow,0.008336,883,538,883,538,0,0,0.000000,1,1,1
follow,0.008348,883,516,883,516,0,0,0.000000,1,1,1
follow,0.008359,883,516,883,516,0,0,0.000000,1,1,1
follow,0.008371,883,516,883,516,0,0,0.000000,1,1,1
follow,0.008384,883,487,883,487,0,0,0.000000,1,1,1
follow,0.008395,883,487,883,487,0,0,0.000000,1,1,1
follow,0.008406,883,487,883,487,0,0,0.000000,1,1,1
follow,0.008420,883,453,883,453,0,0,0.000000,1,1,1
follow,0.008432,883,453,883,453,0,0,0.000000,1,1,1
follow,0.008443,883,453,883,453,0,0,0.000000,1,1,1
follow,0.008454,883,453,883,453,0,0,0.000000,1,1,1
follow,0.008465,883,434,883,434,0,0,0.000000,1,1,1
follow,0.008475,883,434,883,434,0,0,0.000000,1,1,1
follow,0.008486,883,434,883,434,0,0,0.000000,1,1,1
follow,0.008497,883,404,883,404,0,0,0.000000,1,1,1
follow,0.008508,883,404,883,404,0,0,0.000000,1,1,1
follow,0.008519,883,404,883,404,0,0,0.000000,1,1,1
follow,0.008530,883,404,883,404,0,0,0.000000,1,1,1
follow,0.008540,883,387,883,387,0,0,0.000000,1,1,1
follow,0.008551,883,387,883,387,0,0,0.000000,1,1,1
follow,0.008562,883,387,883,387,0,0,0.000000,1,1,1
follow,0.008573,883,359,883,359,0,0,0.000000,1,1,1
follow,0.008584,883,359,883,359,0,0,0.000000,1,1,1
follow,0.008595,883,359,883,359,0,0,0.000000,1,1,1
follow,0.008606,883,336,883,336,0,0,0.000000,1,1,1
follow,0.008617,883,336,883,336,0,0,0.000000,1,1,1
follow,0.008627,883,336,883,336,0,0,0.000000,1,1,1
follow,0.008638,883,311,883,311,0,0,0.000000,1,1,1
follow,0.008649,883,311,883,311,0,0,0.000000,1,1,1
follow,0.008661,883,311,883,311,0,0,0.000000,1,1,1
follow,0.008674,883,292,883,292,0,0,0.000000,1,1,1
follow,0.008686,883,292,883,292,0,0,0.000000,1,1,1
follow,0.008697,883,292,883,292,0,0,0.000000,1,1,1
follow,0.008707,883,279,883,279,0,0,0.000000,1,1,1
follow,0.008718,883,279,883,279,0,0,0.000000,1,1,1
follow,0.008732,883,279,883,279,0,0,0.000000,1,1,1
follow,0.008743,883,279,883,279,0,0,0.000000,1,1,1
follow,0.008754,883,260,883,260,0,0,0.000000,1,1,1
follow,0.008765,883,260,883,260,0,0,0.000000,1,1,1
follow,0.008776,883,260,883,260,0,0,0.000000,1,1,1
follow,0.008787,883,246,883,246,0,0,0.000000,1,1,1
follow,0.008798,883,246,883,246,0,0,0.000000,1,1,1
follow,0.008809,883,246,883,246,0,0,0.000000,1,1,1
follow,0.008820,883,230,883,230,0,0,0.000000,1,1,1
follow,0.008831,883,230,883,230,0,0,0.000000,1,1,1
follow,0.008842,883,230,883,230,0,0,0.000000,1,1,1
follow,0.008853,883,230,883,230,0,0,0.000000,1,1,1
follow,0.008864,883,215,883,215,0,0,0.000000,1,1,1
follow,0.008874,883,215,883,215,0,0,0.000000,1,1,1
follow,0.008885,883,215,883,215,0,0,0.000000,1,1,1
follow,0.008896,855,200,855,200,0,0,0.000000,1,1,1
follow,0.008907,855,200,855,200,0,0,0.000000,1,1,1
follow,0.008918,855,200,855,200,0,0,0.000000,1,1,1
follow,0.008929,764,185,764,185,0,0,0.000000,1,1,1
follow,0.008940,764,185,764,185,0,0,0.000000,1,1,1
follow,0.008951,764,185,764,185,0,0,0.000000,1,1,1
follow,0.008961,676,170,676,170,0,0,0.000000,1,1,1
follow,0.008972,676,170,676,170,0,0,0.000000,1,1,1
follow,0.008983,627,160,627,160,0,0,0.000000,1,1,1
follow,0.008994,627,160,627,160,0,0,0.000000,1,1,1
follow,0.009004,627,160,627,160,0,0,0.000000,1,1,1
follow,0.009015,581,149,581,149,0,0,0.000000,1,1,1
follow,0.009026,581,149,581,149,0,0,0.000000,1,1,1
follow,0.009037,581,149,581,149,0,0,0.000000,1,1,1
follow,0.009048,539,138,539,138,0,0,0.000000,1,1,1
follow,0.009059,539,138,539,138,0,0,0.000000,1,1,1
follow,0.009069,539,138,539,138,0,0,0.000000,1,1,1
follow,0.009080,539,138,539,138,0,0,0.000000,1,1,1
follow,0.009091,474,119,474,119,0,0,0.000000,1,1,1
follow,0.009102,474,119,474,119,0,0,0.000000,1,1,1
follow,0.009112,474,119,474,119,0,0,0.000000,1,1,1
follow,0.009123,474,119,474,119,0,0,0.000000,1,1,1
follow,0.009134,413,100,413,100,0,0,0.000000,1,1,1
follow,0.009145,413,100,413,100,0,0,0.000000,1,1,1
follow,0.009156,413,100,413,100,0,0,0.000000,1,1,1
follow,0.009170,413,100,413,100,0,0,0.000000,1,1,1
follow,0.009181,364,84,364,84,0,0,0.000000,1,1,1
follow,0.009192,364,84,364,84,0,0,0.000000,1,1,1
follow,0.009203,364,84,364,84,0,0,0.000000,1,1,1
follow,0.009213,364,84,364,84,0,0,0.000000,1,1,1
follow,0.009224,287,61,287,61,0,0,0.000000,1,1,1
follow,0.009235,287,61,287,61,0,0,0.000000,1,1,1
follow,0.009246,287,61,287,61,0,0,0.000000,1,1,1
follow,0.009257,287,61,287,61,0,0,0.000000,1,1,1
follow,0.009267,230,46,230,46,0,0,0.000000,1,1,1
follow,0.009279,230,46,230,46,0,0,0.000000,1,1,1
follow,0.009290,230,46,230,46,0,0,0.000000,1,1,1
follow,0.009301,230,46,230,46,0,0,0.000000,1,1,1
follow,0.009312,132,28,132,28,0,0,0.000000,1,1,1
follow,0.009323,132,28,132,28,0,0,0.000000,1,1,1
follow,0.009333,132,28,132,28,0,0,0.000000,1,1,1
follow,0.009344,132,28,132,28,0,0,0.000000,1,1,1
follow,0.009358,34,28,34,28,0,0,0.000000,1,1,1
follow,0.009369,34,28,34,28,0,0,0.000000,1,1,1
follow,0.009380,34,28,34,28,0,0,0.000000,1,1,1
follow,0.009391,34,28,34,28,0,0,0.000000,1,1,1
follow,0.009401,34,28,34,28,0,0,0.000000,1,1,1
follow,0.009412,34,28,34,28,0,0,0.000000,1,1,1
follow,0.009423,34,28,34,28,0,0,0.000000,1,1,1
follow,0.009434,34,28,34,28,0,0,0.000000,1,1,1
follow,0.009444,132,28,132,28,0,0,0.000000,1,1,1
follow,0.009455,132,28,132,28,0,0,0.000000,1,1,1
follow,0.009465,132,28,132,28,0,0,0.000000,1,1,1
follow,0.009476,132,28,132,28,0,0,0.000000,1,1,1
follow,0.009487,230,46,230,46,0,0,0.000000,1,1,1
follow,0.009497,230,46,230,46,0,0,0.000000,1,1,1
follow,0.009508,230,46,230,46,0,0,0.000000,1,1,1
follow,0.009519,230,46,230,46,0,0,0.000000,1,1,1
follow,0.009530,300,64,300,64,0,0,0.000000,1,1,1
follow,0.009541,300,64,300,64,0,0,0.000000,1,1,1
follow,0.009552,300,64,300,64,0,0,0.000000,1,1,1
follow,0.009563,376,88,376,88,0,0,0.000000,1,1,1
follow,0.009574,376,88,376,88,0,0,0.000000,1,1,1
follow,0.009585,376,88,376,88,0,0,0.000000,1,1,1
follow,0.009604,376,88,376,88,0,0,0.000000,1,1,1
follow,0.009619,437,108,437,108,0,0,0.000000,1,1,1
follow,0.009630,437,108,437,108,0,0,0.000000,1,1,1
follow,0.009641,437,108,437,108,0,0,0.000000,1,1,1
follow,0.009652,437,108,437,108,0,0,0.000000,1,1,1
follow,0.009662,512,131,512,131,0,0,0.000000,1,1,1
follow,0.009673,512,131,512,131,0,0,0.000000,1,1,1
follow,0.009684,512,131,512,131,0,0,0.000000,1,1,1
follow,0.009700,512,131,512,131,0,0,0.000000,1,1,1
follow,0.009714,581,149,581,149,0,0,0.000000,1,1,1
follow,0.009725,581,149,581,149,0,0,0.000000,1,1,1
follow,0.009736,581,149,581,149,0,0,0.000000,1,1,1
follow,0.009747,581,149,581,149,0,0,0.000000,1,1,1
follow,0.009758,676,170,676,170,0,0,0.000000,1,1,1
follow,0.009771,676,170,676,170,0,0,0.000000,1,1,1
follow,0.009784,676,170,676,170,0,0,0.000000,1,1,1
follow,0.009796,676,170,676,170,0,0,0.000000,1,1,1
follow,0.009807,764,185,764,185,0,0,0.000000,1,1,1
follow,0.009818,764,185,764,185,0,0,0.000000,1,1,1
follow,0.009828,764,185,764,185,0,0,0.000000,1,1,1
follow,0.009839,764,185,764,185,0,0,0.000000,1,1,1
follow,0.009850,874,203,874,203,0,0,0.000000,1,1,1
follow,0.009861,874,203,874,203,0,0,0.000000,1,1,1
follow,0.009872,874,203,874,203,0,0,0.000000,1,1,1
follow,0.009883,874,203,874,203,0,0,0.000000,1,1,1
follow,0.009899,883,218,883,218,0,0,0.000000,1,1,1
follow,0.009910,883,218,883,218,0,0,0.000000,1,1,1
follow,0.009920,883,218,883,218,0,0,0.000000,1,1,1
follow,0.009931,883,218,883,218,0,0,0.000000,1,1,1
follow,0.009942,883,233,883,233,0,0,0.000000,1,1,1
follow,0.009953,883,233,883,233,0,0,0.000000,1,1,1
follow,0.009967,883,233,883,233,0,0,0.000000,1,1,1
follow,0.009979,883,233,883,233,0,0,0.000000,1,1,1
follow,0.009990,883,253,883,253,0,0,0.000000,1,1,1
follow,0.010001,883,253,883,253,0,0,0.000000,1,1,1
follow,0.010012,883,253,883,253,0,0,0.000000,1,1,1
follow,0.010023,883,275,883,275,0,0,0.000000,1,1,1
follow,0.010034,883,275,883,275,0,0,0.000000,1,1,1
follow,0.010045,883,275,883,275,0,0,0.000000,1,1,1
follow,0.010056,883,275,883,275,0,0,0.000000,1,1,1
follow,0.010067,883,297,883,297,0,0,0.000000,1,1,1
follow,0.010082,883,297,883,297,0,0,0.000000,1,1,1
follow,0.010093,883,297,883,297,0,0,0.000000,1,1,1
follow,0.010104,883,297,883,297,0,0,0.000000,1,1,1
follow,0.010115,883,315,883,315,0,0,0.000000,1,1,1
follow,0.010126,883,315,883,315,0,0,0.000000,1,1,1
follow,0.010138,883,315,883,315,0,0,0.000000,1,1,1
follow,0.010149,883,315,883,315,0,0,0.000000,1,1,1
follow,0.010160,883,342,883,342,0,0,0.000000,1,1,1
follow,0.010173,883,342,883,342,0,0,0.000000,1,1,1
follow,0.010184,883,342,883,342,0,0,0.000000,1,1,1
follow,0.010196,883,342,883,342,0,0,0.000000,1,1,1
follow,0.010207,883,376,883,376,0,0,0.000000,1,1,1
follow,0.010218,883,376,883,376,0,0,0.000000,1,1,1
follow,0.010230,883,376,883,376,0,0,0.000000,1,1,1
follow,0.010241,883,398,883,398,0,0,0.000000,1,1,1
follow,0.010252,883,398,883,398,0,0,0.000000,1,1,1
follow,0.010264,883,398,883,398,0,0,0.000000,1,1,1
follow,0.010275,883,398,883,398,0,0,0.000000,1,1,1
follow,0.010286,883,434,883,434,0,0,0.000000,1,1,1
follow,0.010296,883,434,883,434,0,0,0.000000,1,1,1
follow,0.010307,883,434,883,434,0,0,0.000000,1,1,1
follow,0.010318,883,434,883,434,0,0,0.000000,1,1,1
follow,0.010333,883,473,883,473,0,0,0.000000,1,1,1
follow,0.010347,883,473,883,473,0,0,0.000000,1,1,1
follow,0.010358,883,473,883,473,0,0,0.000000,1,1,1
follow,0.010369,883,473,883,473,0,0,0.000000,1,1,1
follow,0.010380,883,508,883,508,0,0,0.000000,1,1,1
follow,0.010392,883,508,883,508,0,0,0.000000,1,1,1
follow,0.010404,883,508,883,508,0,0,0.000000,1,1,1
follow,0.010415,883,508,883,508,0,0,0.000000,1,1,1
follow,0.010426,883,546,883,546,0,0,0.000000,1,1,1
follow,0.010437,883,546,883,546,0,0,0.000000,1,1,1
follow,0.010448,883,546,883,546,0,0,0.000000,1,1,1
follow,0.010459,883,546,883,546,0,0,0.000000,1,1,1
follow,0.010470,883,586,883,586,0,0,0.000000,1,1,1
follow,0.010482,883,586,883,586,0,0,0.000000,1,1,1
follow,0.010493,883,586,883,586,0,0,0.000000,1,1,1
follow,0.010506,883,586,883,586,0,0,0.000000,1,1,1
follow,0.010518,883,628,883,628,0,0,0.000000,1,1,1
follow,0.010529,883,628,883,628,0,0,0.000000,1,1,1
follow,0.010544,883,628,883,628,0,0,0.000000,1,1,1
follow,0.010556,883,628,883,628,0,0,0.000000,1,1,1
follow,0.010567,883,688,883,688,0,0,0.000000,1,1,1
follow,0.010579,883,688,883,688,0,0,0.000000,1,1,1
follow,0.010590,883,688,883,688,0,0,0.000000,1,1,1
follow,0.010601,883,688,883,688,0,0,0.000000,1,1,1
follow,0.010613,883,691,883,691,0,0,0.000000,1,1,1
follow,0.010624,883,691,883,691,0,0,0.000000,1,1,1
follow,0.010635,883,691,883,691,0,0,0.000000,1,1,1
follow,0.010647,883,691,883,691,0,0,0.000000,1,1,1
follow,0.010658,883,691,883,691,0,0,0.000000,1,1,1
follow,0.010669,883,691,883,691,0,0,0.000000,1,1,1
follow,0.010678,883,691,883,691,0,0,0.000000,1,1,1
follow,0.010688,883,691,883,691,0,0,0.000000,1,1,1
follow,0.010698,883,691,883,691,0,0,0.000000,1,1,1
follow,0.010709,883,691,883,691,0,0,0.000000,1,1,1
follow,0.010720,883,691,883,691,0,0,0.000000,1,1,1
follow,0.010731,883,691,883,691,0,0,0.000000,1,1,1
follow,0.010740,865,691,865,691,0,0,0.000000,1,1,1
follow,0.010750,865,691,865,691,0,0,0.000000,1,1,1
follow,0.010759,865,691,865,691,0,0,0.000000,1,1,1
follow,0.010768,865,691,865,691,0,0,0.000000,1,1,1
follow,0.010778,821,691,821,691,0,0,0.000000,1,1,1
follow,0.010787,821,691,821,691,0,0,0.000000,1,1,1
follow,0.010797,821,691,821,691,0,0,0.000000,1,1,1
follow,0.010807,821,691,821,691,0,0,0.000000,1,1,1
follow,0.010816,782,691,782,691,0,0,0.000000,1,1,1
follow,0.010825,782,691,782,691,0,0,0.000000,1,1,1
follow,0.010835,782,691,782,691,0,0,0.000000,1,1,1
follow,0.010845,782,691,782,691,0,0,0.000000,1,1,1
follow,0.010857,742,691,742,691,0,0,0.000000,1,1,1
follow,0.010868,742,691,742,691,0,0,0.000000,1,1,1
follow,0.010877,742,691,742,691,0,0,0.000000,1,1,1
follow,0.010887,742,691,742,691,0,0,0.000000,1,1,1
follow,0.010897,717,691,717,691,0,0,0.000000,1,1,1
follow,0.010906,717,691,717,691,0,0,0.000000,1,1,1
follow,0.010916,717,691,717,691,0,0,0.000000,1,1,1
follow,0.010926,717,691,717,691,0,0,0.000000,1,1,1
follow,0.010935,697,691,697,691,0,0,0.000000,1,1,1
follow,0.010944,697,691,697,691,0,0,0.000000,1,1,1
follow,0.010958,697,691,697,691,0,0,0.000000,1,1,1
follow,0.010967,697,691,697,691,0,0,0.000000,1,1,1
follow,0.010977,687,691,687,691,0,0,0.000000,1,1,1
follow,0.010987,687,691,687,691,0,0,0.000000,1,1,1
follow,0.011000,687,691,687,691,0,0,0.000000,1,1,1
follow,0.011027,687,691,687,691,0,0,0.000000,1,1,1
follow,0.011039,680,691,680,691,0,0,0.000000,1,1,1
follow,0.011049,680,691,680,691,0,0,0.000000,1,1,1
follow,0.011059,680,691,680,691,0,0,0.000000,1,1,1
follow,0.011070,684,691,684,691,0,0,0.000000,1,1,1
follow,0.011081,684,691,684,691,0,0,0.000000,1,1,1
follow,0.011093,684,691,684,691,0,0,0.000000,1,1,1
follow,0.011104,693,691,693,691,0,0,0.000000,1,1,1
follow,0.011116,693,691,693,691,0,0,0.000000,1,1,1
follow,0.011132,693,691,693,691,0,0,0.000000,1,1,1
follow,0.011144,710,691,710,691,0,0,0.000000,1,1,1
follow,0.011155,710,691,710,691,0,0,0.000000,1,1,1
follow,0.011165,710,691,710,691,0,0,0.000000,1,1,1
follow,0.011175,733,691,733,691,0,0,0.000000,1,1,1
follow,0.011184,733,691,733,691,0,0,0.000000,1,1,1
follow,0.011201,733,691,733,691,0,0,0.000000,1,1,1
follow,0.011238,760,691,760,691,0,0,0.000000,1,1,1
follow,0.011263,760,691,760,691,0,0,0.000000,1,1,1
follow,0.011276,760,691,760,691,0,0,0.000000,1,1,1
follow,0.011288,760,691,760,691,0,0,0.000000,1,1,1
follow,0.011299,783,691,783,691,0,0,0.000000,1,1,1
follow,0.011310,783,691,783,691,0,0,0.000000,1,1,1
follow,0.011326,783,691,783,691,0,0,0.000000,1,1,1
follow,0.011339,808,691,808,691,0,0,0.000000,1,1,1
follow,0.011349,808,691,808,691,0,0,0.000000,1,1,1
follow,0.011359,808,691,808,691,0,0,0.000000,1,1,1
follow,0.011369,808,691,808,691,0,0,0.000000,1,1,1
follow,0.011378,833,691,833,691,0,0,0.000000,1,1,1
follow,0.011388,833,691,833,691,0,0,0.000000,1,1,1
follow,0.011397,833,691,833,691,0,0,0.000000,1,1,1
follow,0.011407,863,659,863,659,0,0,0.000000,1,1,1
follow,0.011417,863,659,863,659,0,0,0.000000,1,1,1
follow,0.011426,863,659,863,659,0,0,0.000000,1,1,1
follow,0.011436,883,605,883,605,0,0,0.000000,1,1,1
follow,0.011445,883,605,883,605,0,0,0.000000,1,1,1
follow,0.011458,883,605,883,605,0,0,0.000000,1,1,1
follow,0.011468,883,605,883,605,0,0,0.000000,1,1,1
follow,0.011477,883,557,883,557,0,0,0.000000,1,1,1
follow,0.011487,883,557,883,557,0,0,0.000000,1,1,1
follow,0.011496,883,557,883,557,0,0,0.000000,1,1,1
follow,0.011506,883,524,883,524,0,0,0.000000,1,1,1
follow,0.011515,883,524,883,524,0,0,0.000000,1,1,1
follow,0.011524,883,524,883,524,0,0,0.000000,1,1,1
follow,0.011534,883,486,883,486,0,0,0.000000,1,1,1
follow,0.011543,883,486,883,486,0,0,0.000000,1,1,1
follow,0.011553,883,486,883,486,0,0,0.000000,1,1,1
follow,0.011562,883,464,883,464,0,0,0.000000,1,1,1
follow,0.011571,883,464,883,464,0,0,0.000000,1,1,1
follow,0.011581,883,464,883,464,0,0,0.000000,1,1,1
follow,0.011590,883,464,883,464,0,0,0.000000,1,1,1
follow,0.011600,883,435,883,435,0,0,0.000000,1,1,1
follow,0.011609,883,435,883,435,0,0,0.000000,1,1,1
follow,0.011618,883,435,883,435,0,0,0.000000,1,1,1
follow,0.011628,883,389,883,389,0,0,0.000000,1,1,1
follow,0.011637,883,389,883,389,0,0,0.000000,1,1,1
follow,0.011646,883,389,883,389,0,0,0.000000,1,1,1
follow,0.011656,883,346,883,346,0,0,0.000000,1,1,1
follow,0.011666,883,346,883,346,0,0,0.000000,1,1,1
follow,0.011675,883,346,883,346,0,0,0.000000,1,1,1
follow,0.011684,883,317,883,317,0,0,0.000000,1,1,1
follow,0.011694,883,317,883,317,0,0,0.000000,1,1,1
follow,0.011703,883,317,883,317,0,0,0.000000,1,1,1
follow,0.011712,883,260,883,260,0,0,0.000000,1,1,1
follow,0.011722,883,260,883,260,0,0,0.000000,1,1,1
follow,0.011732,883,221,883,221,0,0,0.000000,1,1,1
follow,0.011742,883,221,883,221,0,0,0.000000,1,1,1
follow,0.011752,883,221,883,221,0,0,0.000000,1,1,1
follow,0.011762,883,176,883,176,0,0,0.000000,1,1,1
follow,0.011771,883,176,883,176,0,0,0.000000,1,1,1
follow,0.011781,883,176,883,176,0,0,0.000000,1,1,1
follow,0.011790,883,176,883,176,0,0,0.000000,1,1,1
follow,0.011799,883,221,883,221,0,0,0.000000,1,1,1
follow,0.011809,883,221,883,221,0,0,0.000000,1,1,1
follow,0.011818,883,221,883,221,0,0,0.000000,1,1,1
follow,0.011828,883,295,883,295,0,0,0.000000,1,1,1
follow,0.011840,883,295,883,295,0,0,0.000000,1,1,1
follow,0.011850,883,295,883,295,0,0,0.000000,1,1,1
follow,0.011860,883,355,883,355,0,0,0.000000,1,1,1
follow,0.011869,883,355,883,355,0,0,0.000000,1,1,1
follow,0.011878,883,355,883,355,0,0,0.000000,1,1,1
follow,0.011888,883,389,883,389,0,0,0.000000,1,1,1
follow,0.011897,883,389,883,389,0,0,0.000000,1,1,1
follow,0.011907,883,389,883,389,0,0,0.000000,1,1,1
follow,0.011916,883,428,883,428,0,0,0.000000,1,1,1
follow,0.011925,883,428,883,428,0,0,0.000000,1,1,1
follow,0.011934,883,428,883,428,0,0,0.000000,1,1,1
follow,0.011943,883,457,883,457,0,0,0.000000,1,1,1
follow,0.011953,883,457,883,457,0,0,0.000000,1,1,1
follow,0.011962,883,457,883,457,0,0,0.000000,1,1,1
follow,0.011973,883,493,883,493,0,0,0.000000,1,1,1
follow,0.011982,883,493,883,493,0,0,0.000000,1,1,1
follow,0.011992,883,493,883,493,0,0,0.000000,1,1,1
follow,0.012001,883,524,883,524,0,0,0.000000,1,1,1
follow,0.012010,883,524,883,524,0,0,0.000000,1,1,1
follow,0.012020,883,524,883,524,0,0,0.000000,1,1,1
follow,0.012029,883,557,883,557,0,0,0.000000,1,1,1
follow,0.012039,883,557,883,557,0,0,0.000000,1,1,1
follow,0.012048,883,557,883,557,0,0,0.000000,1,1,1
follow,0.012057,883,595,883,595,0,0,0.000000,1,1,1
follow,0.012067,883,595,883,595,0,0,0.000000,1,1,1
follow,0.012076,883,595,883,595,0,0,0.000000,1,1,1
follow,0.012086,880,626,880,626,0,0,0.000000,1,1,1
follow,0.012095,880,626,880,626,0,0,0.000000,1,1,1
follow,0.012104,880,626,880,626,0,0,0.000000,1,1,1
follow,0.012113,857,670,857,670,0,0,0.000000,1,1,1
follow,0.012123,857,670,857,670,0,0,0.000000,1,1,1
follow,0.012132,857,670,857,670,0,0,0.000000,1,1,1
follow,0.012144,833,691,833,691,0,0,0.000000,1,1,1
follow,0.012154,833,691,833,691,0,0,0.000000,1,1,1
follow,0.012163,833,691,833,691,0,0,0.000000,1,1,1
follow,0.012172,833,691,833,691,0,0,0.000000,1,1,1
follow,0.012185,808,691,808,691,0,0,0.000000,1,1,1
follow,0.012195,808,691,808,691,0,0,0.000000,1,1,1
follow,0.012204,808,691,808,691,0,0,0.000000,1,1,1
follow,0.012213,777,691,777,691,0,0,0.000000,1,1,1
follow,0.012226,777,691,777,691,0,0,0.000000,1,1,1
follow,0.012238,777,691,777,691,0,0,0.000000,1,1,1
follow,0.012247,754,691,754,691,0,0,0.000000,1,1,1
follow,0.012257,754,691,754,691,0,0,0.000000,1,1,1
follow,0.012266,754,691,754,691,0,0,0.000000,1,1,1
follow,0.012276,733,691,733,691,0,0,0.000000,1,1,1
follow,0.012285,733,691,733,691,0,0,0.000000,1,1,1
follow,0.012295,733,691,733,691,0,0,0.000000,1,1,1
follow,0.012305,719,691,719,691,0,0,0.000000,1,1,1
follow,0.012316,719,691,719,691,0,0,0.000000,1,1,1
follow,0.012326,719,691,719,691,0,0,0.000000,1,1,1
follow,0.012334,719,691,719,691,0,0,0.000000,1,1,1
follow,0.012343,699,691,699,691,0,0,0.000000,1,1,1
follow,0.012362,699,691,699,691,0,0,0.000000,1,1,1
follow,0.012371,699,691,699,691,0,0,0.000000,1,1,1
follow,0.012380,684,691,684,691,0,0,0.000000,1,1,1
follow,0.012391,684,691,684,691,0,0,0.000000,1,1,1
follow,0.012401,681,691,681,691,0,0,0.000000,1,1,1
follow,0.012410,681,691,681,691,0,0,0.000000,1,1,1
follow,0.012419,681,691,681,691,0,0,0.000000,1,1,1
follow,0.012428,681,691,681,691,0,0,0.000000,1,1,1
follow,0.012437,681,691,681,691,0,0,0.000000,1,1,1
follow,0.012447,681,691,681,691,0,0,0.000000,1,1,1
follow,0.012455,685,691,685,691,0,0,0.000000,1,1,1
follow,0.012464,685,691,685,691,0,0,0.000000,1,1,1
follow,0.012472,685,691,685,691,0,0,0.000000,1,1,1
follow,0.012480,685,691,685,691,0,0,0.000000,1,1,1
follow,0.012488,694,691,694,691,0,0,0.000000,1,1,1
follow,0.012496,694,691,694,691,0,0,0.000000,1,1,1
follow,0.012505,694,691,694,691,0,0,0.000000,1,1,1
follow,0.012514,694,691,694,691,0,0,0.000000,1,1,1
follow,0.012526,712,691,712,691,0,0,0.000000,1,1,1
follow,0.012536,712,691,712,691,0,0,0.000000,1,1,1
follow,0.012546,712,691,712,691,0,0,0.000000,1,1,1
follow,0.012554,712,691,712,691,0,0,0.000000,1,1,1
follow,0.012564,742,691,742,691,0,0,0.000000,1,1,1
follow,0.012574,742,691,742,691,0,0,0.000000,1,1,1
follow,0.012582,742,691,742,691,0,0,0.000000,1,1,1
follow,0.012592,742,691,742,691,0,0,0.000000,1,1,1
follow,0.012603,782,691,782,691,0,0,0.000000,1,1,1
follow,0.012617,782,691,782,691,0,0,0.000000,1,1,1
follow,0.012629,782,691,782,691,0,0,0.000000,1,1,1
follow,0.012640,821,691,821,691,0,0,0.000000,1,1,1
follow,0.012655,821,691,821,691,0,0,0.000000,1,1,1
follow,0.012665,821,691,821,691,0,0,0.000000,1,1,1
follow,0.012675,865,691,865,691,0,0,0.000000,1,1,1
follow,0.012684,865,691,865,691,0,0,0.000000,1,1,1
follow,0.012693,865,691,865,691,0,0,0.000000,1,1,1
follow,0.012703,883,691,883,691,0,0,0.000000,1,1,1
follow,0.012712,883,691,883,691,0,0,0.000000,1,1,1
follow,0.012722,883,691,883,691,0,0,0.000000,1,1,1
follow,0.012731,883,691,883,691,0,0,0.000000,1,1,1
follow,0.012740,883,691,883,691,0,0,0.000000,1,1,1
follow,0.012750,883,691,883,691,0,0,0.000000,1,1,1
follow,0.012759,883,691,883,691,0,0,0.000000,1,1,1
follow,0.012768,883,691,883,691,0,0,0.000000,1,1,1
follow,0.012778,883,691,883,691,0,0,0.000000,1,1,1
follow,0.012787,883,691,883,691,0,0,0.000000,1,1,1
follow,0.012796,883,691,883,691,0,0,0.000000,1,1,1
follow,0.012805,883,691,883,691,0,0,0.000000,1,1,1
follow,0.012817,883,691,883,691,0,0,0.000000,1,1,1
follow,0.012827,883,691,883,691,0,0,0.000000,1,1,1
follow,0.012836,883,691,883,691,0,0,0.000000,1,1,1
follow,0.012846,883,671,883,671,0,0,0.000000,1,1,1
follow,0.012855,883,671,883,671,0,0,0.000000,1,1,1
follow,0.012865,883,671,883,671,0,0,0.000000,1,1,1
follow,0.012875,883,636,883,636,0,0,0.000000,1,1,1
follow,0.012884,883,636,883,636,0,0,0.000000,1,1,1
follow,0.012893,883,636,883,636,0,0,0.000000,1,1,1
follow,0.012906,883,636,883,636,0,0,0.000000,1,1,1
follow,0.012916,883,603,883,603,0,0,0.000000,1,1,1
follow,0.012926,883,603,883,603,0,0,0.000000,1,1,1
follow,0.012935,883,603,883,603,0,0,0.000000,1,1,1
follow,0.012944,883,570,883,570,0,0,0.000000,1,1,1
follow,0.012954,883,570,883,570,0,0,0.000000,1,1,1
follow,0.012963,883,570,883,570,0,0,0.000000,1,1,1
follow,0.012972,883,570,883,570,0,0,0.000000,1,1,1
follow,0.012985,883,531,883,531,0,0,0.000000,1,1,1
follow,0.012995,883,531,883,531,0,0,0.000000,1,1,1
follow,0.013004,883,531,883,531,0,0,0.000000,1,1,1
follow,0.013021,883,494,883,494,0,0,0.000000,1,1,1
follow,0.013030,883,494,883,494,0,0,0.000000,1,1,1
follow,0.013040,883,494,883,494,0,0,0.000000,1,1,1
follow,0.013049,883,473,883,473,0,0,0.000000,1,1,1
follow,0.013059,883,473,883,473,0,0,0.000000,1,1,1
follow,0.013068,883,473,883,473,0,0,0.000000,1,1,1
follow,0.013077,883,453,883,453,0,0,0.000000,1,1,1
follow,0.013087,883,453,883,453,0,0,0.000000,1,1,1
follow,0.013096,883,453,883,453,0,0,0.000000,1,1,1
follow,0.013105,883,453,883,453,0,0,0.000000,1,1,1
follow,0.013114,883,428,883,428,0,0,0.000000,1,1,1
follow,0.013124,883,428,883,428,0,0,0.000000,1,1,1
follow,0.013135,883,428,883,428,0,0,0.000000,1,1,1
follow,0.013144,883,392,883,392,0,0,0.000000,1,1,1
follow,0.013154,883,392,883,392,0,0,0.000000,1,1,1
follow,0.013163,883,392,883,392,0,0,0.000000,1,1,1
follow,0.013172,883,370,883,370,0,0,0.000000,1,1,1
follow,0.013181,883,370,883,370,0,0,0.000000,1,1,1
follow,0.013191,883,370,883,370,0,0,0.000000,1,1,1
follow,0.013201,883,353,215,60,668,293,729.433342,1,1,1
follow,0.032077,883,353,215,60,668,293,729.433342,1,1,1
follow,0.050665,883,353,195,338,688,15,688.163498,1,1,1
follow,0.073451,883,331,195,360,688,-29,688.610921,1,1,1
follow,0.089001,883,331,184,360,699,-29,699.601315,1,1,1
follow,0.100298,883,331,184,360,699,-29,699.601315,1,1,1
follow,0.121107,883,306,184,385,699,-79,703.450069,1,1,1
follow,0.138595,883,306,169,385,714,-79,718.357154,1,1,1
follow,0.149881,883,306,169,385,714,-79,718.357154,1,1,1
follow,0.172290,883,292,140,399,743,-107,750.665038,1,1,1
follow,0.188779,883,292,140,399,743,-107,750.665038,1,1,1
follow,0.200339,883,292,140,399,743,-107,750.665038,1,1,1
follow,0.222776,883,272,117,419,766,-147,779.977564,1,1,1
follow,0.238769,883,272,117,419,766,-147,779.977564,1,1,1
follow,0.250349,883,272,117,419,766,-147,779.977564,1,1,1
follow,0.263022,883,260,94,431,789,-171,807.317781,1,1,1
follow,0.275187,883,260,94,431,789,-171,807.317781,1,1,1
follow,0.289260,883,260,94,431,789,-171,807.317781,1,1,1
follow,0.302455,883,260,63,431,820,-171,837.640138,1,1,1
follow,0.323185,883,246,63,445,820,-199,843.801517,1,1,1
follow,0.341028,883,246,38,445,845,-199,868.116352,1,1,1
follow,0.352849,883,246,38,445,845,-199,868.116352,1,1,1
follow,0.366961,883,233,14,415,869,-182,887.854155,1,1,1
follow,0.383481,883,233,14,415,869,-182,887.854155,1,1,1
follow,0.397265,883,233,0,362,883,-129,892.373240,1,1,1
follow,0.418775,883,221,0,374,883,-153,896.157352,1,1,1
follow,0.434315,883,221,0,374,883,-153,896.157352,1,1,1
follow,0.446946,883,221,0,327,883,-106,889.339643,1,1,1
follow,0.468264,883,209,0,339,883,-130,892.518347,1,1,1
follow,0.482867,883,209,0,307,883,-98,888.421634,1,1,1
follow,0.497012,883,209,0,307,883,-98,888.421634,1,1,1
follow,0.519798,818,194,65,292,753,-98,759.350380,1,1,1
follow,0.536465,818,194,65,292,753,-98,759.350380,1,1,1
follow,0.548037,818,194,65,292,753,-98,759.350380,1,1,1
follow,0.570390,764,185,119,265,645,-80,649.942305,1,1,1
follow,0.588204,764,185,119,243,645,-58,647.602502,1,1,1
follow,0.600012,764,185,119,243,645,-58,647.602502,1,1,1
follow,0.622873,693,173,190,224,503,-51,505.578876,1,1,1
follow,0.637291,693,173,190,224,503,-51,505.578876,1,1,1
follow,0.646700,693,173,190,224,503,-51,505.578876,1,1,1
follow,0.663341,627,160,256,195,371,-35,372.647286,1,1,1
follow,0.676058,627,160,256,195,371,-35,372.647286,1,1,1
follow,0.690179,627,160,256,195,371,-35,372.647286,1,1,1
follow,0.713391,567,146,316,181,251,-35,253.428491,1,1,1
follow,0.727223,567,146,316,181,251,-35,253.428491,1,1,1
follow,0.742820,567,146,316,126,251,20,251.795552,1,1,1
follow,0.761600,525,135,358,137,167,-2,167.011976,1,1,1
follow,0.778774,525,135,358,71,167,64,178.843507,1,1,1
follow,0.791278,525,135,358,71,167,64,178.843507,1,1,1
follow,0.804666,474,119,409,87,65,32,72.449983,1,1,1
follow,0.816434,474,119,409,87,65,32,72.449983,1,1,1
follow,0.827620,474,119,409,87,65,32,72.449983,1,1,1
follow,0.841863,425,104,458,102,-33,2,33.060551,1,1,1
follow,0.855057,425,104,458,156,-33,-52,61.587336,1,1,1
follow,0.867266,425,104,458,156,-33,-52,61.587336,1,1,1
follow,0.881598,389,92,494,168,-105,-76,129.618671,1,1,1
follow,0.894416,389,92,494,214,-105,-122,160.962729,1,1,1
follow,0.905945,389,92,494,214,-105,-122,160.962729,1,1,1
follow,0.927169,352,80,531,256,-179,-176,251.031870,1,1,1
follow,0.942993,352,80,531,256,-179,-176,251.031870,1,1,1
follow,0.956700,352,80,531,256,-179,-176,251.031870,1,1,1
follow,0.979263,314,68,569,305,-255,-237,348.129286,1,1,1
follow,0.995519,314,68,569,305,-255,-237,348.129286,1,1,1
follow,1.007547,314,68,569,305,-255,-237,348.129286,1,1,1
follow,1.030516,259,53,624,352,-365,-299,471.832597,1,1,1
follow,1.047451,259,53,624,352,-365,-299,471.832597,1,1,1
follow,1.060624,259,53,624,389,-365,-336,496.105835,1,1,1
follow,1.085406,199,39,684,403,-485,-364,606.400033,1,1,1
follow,1.098001,199,39,684,439,-485,-400,628.669229,1,1,1
follow,1.112271,199,39,684,439,-485,-400,628.669229,1,1,1
follow,1.128840,132,28,751,488,-619,-460,771.207495,1,1,1
follow,1.139914,132,28,751,488,-619,-460,771.207495,1,1,1
follow,1.149611,132,28,751,488,-619,-460,771.207495,1,1,1
follow,1.170698,55,28,828,520,-773,-492,916.293075,1,1,1
follow,1.186830,55,28,828,520,-773,-492,916.293075,1,1,1
follow,1.200136,55,28,828,557,-773,-529,936.680308,1,1,1
follow,1.212107,28,28,855,557,-827,-529,981.717882,1,1,1
follow,1.225318,28,28,852,598,-824,-570,1001.936126,1,1,1
follow,1.233466,28,28,852,598,-824,-570,1001.936126,1,1,1
follow,1.247282,75,28,805,598,-730,-570,926.174929,1,1,1
follow,1.266787,75,28,782,642,-707,-614,936.400021,1,1,1
follow,1.286537,75,28,752,663,-677,-635,928.199332,1,1,1
follow,1.309916,132,28,695,663,-563,-635,848.642445,1,1,1
follow,1.321375,132,28,695,663,-563,-635,848.642445,1,1,1
follow,1.339647,132,28,670,663,-538,-635,832.267385,1,1,1
follow,1.362870,215,43,587,648,-372,-605,710.217572,1,1,1
follow,1.374805,215,43,587,648,-372,-605,710.217572,1,1,1
follow,1.390683,215,43,562,648,-347,-605,697.448206,1,1,1
follow,1.411843,273,57,504,634,-231,-577,621.522325,1,1,1
follow,1.427168,273,57,476,634,-203,-577,611.668211,1,1,1
follow,1.441550,273,57,476,634,-203,-577,611.668211,1,1,1
follow,1.466378,326,72,402,619,-76,-547,552.254470,1,1,1
follow,1.480759,326,72,402,619,-76,-547,552.254470,1,1,1
follow,1.493402,376,88,352,603,24,-515,515.558920,1,1,1
follow,1.506520,376,88,327,603,49,-515,517.325816,1,1,1
follow,1.518961,376,88,327,603,49,-515,517.325816,1,1,1
follow,1.535396,413,100,277,591,136,-491,509.486997,1,1,1
follow,1.546889,413,100,277,591,136,-491,509.486997,1,1,1
follow,1.559050,413,100,277,591,136,-491,509.486997,1,1,1
follow,1.581502,449,112,235,579,214,-467,513.697382,1,1,1
follow,1.598092,449,112,235,579,214,-467,513.697382,1,1,1
follow,1.609676,449,112,235,579,214,-467,513.697382,1,1,1
follow,1.635962,486,123,194,568,292,-445,532.249002,1,1,1
follow,1.649666,486,123,194,568,292,-445,532.249002,1,1,1
follow,1.662621,539,138,145,553,394,-415,572.242082,1,1,1
follow,1.674173,539,138,145,553,394,-415,572.242082,1,1,1
follow,1.688686,539,138,145,553,394,-415,572.242082,1,1,1
follow,1.712111,581,149,110,542,471,-393,613.424812,1,1,1
follow,1.725925,581,149,110,542,471,-393,613.424812,1,1,1
follow,1.739899,581,149,123,542,458,-393,603.500621,1,1,1
follow,1.754134,627,160,77,531,550,-371,663.431232,1,1,1
follow,1.766047,627,160,77,531,550,-371,663.431232,1,1,1
follow,1.778153,627,160,77,531,550,-371,663.431232,1,1,1
follow,1.793787,693,173,33,518,660,-345,744.731495,1,1,1
follow,1.806129,693,173,33,518,660,-345,744.731495,1,1,1
follow,1.817402,693,173,33,518,660,-345,744.731495,1,1,1
follow,1.831927,746,182,20,509,726,-327,796.244309,1,1,1
follow,1.845003,746,182,15,509,731,-327,800.805844,1,1,1
follow,1.857332,746,182,15,509,731,-327,800.805844,1,1,1
follow,1.880143,800,191,11,500,789,-309,847.349987,1,1,1
follow,1.894651,800,191,11,500,789,-309,847.349987,1,1,1
follow,1.908487,800,191,11,500,789,-309,847.349987,1,1,1
follow,1.934786,855,200,17,491,838,-291,887.087933,1,1,1
follow,1.951947,855,200,19,491,836,-291,885.198848,1,1,1
follow,1.965818,855,200,19,491,836,-291,885.198848,1,1,1
follow,1.993020,883,215,0,476,883,-261,920.765985,1,1,1
follow,2.007169,883,215,0,476,883,-261,920.765985,1,1,1
follow,2.029003,883,227,0,464,883,-237,914.252700,1,1,1
follow,2.043655,883,227,0,464,883,-237,914.252700,1,1,1
follow,2.057111,883,227,0,464,883,-237,914.252700,1,1,1
follow,2.078550,883,233,0,458,883,-225,911.215672,1,1,1
follow,2.092956,883,233,0,458,883,-225,911.215672,1,1,1
follow,2.106462,883,233,0,458,883,-225,911.215672,1,1,1
follow,2.130234,883,246,0,445,883,-199,905.146397,1,1,1
follow,2.144888,883,246,0,445,883,-199,905.146397,1,1,1
follow,2.156535,883,246,0,445,883,-199,905.146397,1,1,1
follow,2.169091,883,260,0,431,883,-171,899.405359,1,1,1
follow,2.184692,883,260,0,428,883,-168,898.839808,1,1,1
follow,2.196627,883,260,0,428,883,-168,898.839808,1,1,1
follow,2.215741,883,275,0,361,883,-86,887.178111,1,1,1
follow,2.226142,883,275,0,361,883,-86,887.178111,1,1,1
follow,2.237334,883,275,0,361,883,-86,887.178111,1,1,1
follow,2.259482,883,288,0,348,883,-60,885.036157,1,1,1
follow,2.273953,883,288,0,315,883,-27,883.412701,1,1,1
follow,2.289715,883,288,0,315,883,-27,883.412701,1,1,1
follow,2.312582,883,301,0,261,883,40,883.905538,1,1,1
follow,2.326384,883,301,0,261,883,40,883.905538,1,1,1
follow,2.340990,883,320,0,242,883,78,886.438379,1,1,1
follow,2.352884,883,320,0,242,883,78,886.438379,1,1,1
follow,2.366497,883,320,0,203,883,117,890.717688,1,1,1
follow,2.383545,883,336,0,187,883,149,895.483110,1,1,1
follow,2.394520,883,336,0,187,883,149,895.483110,1,1,1
follow,2.408383,883,336,0,144,883,192,903.633222,1,1,1
follow,2.430969,883,353,0,127,883,226,911.463110,1,1,1
follow,2.443359,883,353,0,94,883,259,920.201065,1,1,1
follow,2.457287,883,353,0,94,883,259,920.201065,1,1,1
follow,2.483944,883,370,0,77,883,293,930.342948,1,1,1
follow,2.499701,883,370,0,58,883,312,936.500400,1,1,1
follow,2.521925,883,387,0,41,883,346,948.369654,1,1,1
follow,2.540918,883,387,0,11,883,376,959.721314,1,1,1
follow,2.553385,883,387,0,11,883,376,959.721314,1,1,1
follow,2.576064,883,404,0,34,883,370,957.386547,1,1,1
follow,2.590755,883,404,0,34,883,370,957.386547,1,1,1
follow,2.604948,883,404,0,34,883,370,957.386547,1,1,1
follow,2.616305,883,428,0,58,883,370,957.386547,1,1,1
follow,2.629694,883,428,0,75,883,353,950.945845,1,1,1
follow,2.644666,883,428,0,75,883,353,950.945845,1,1,1
follow,2.663506,883,453,0,122,883,331,943.000530,1,1,1
follow,2.679869,883,453,0,122,883,331,943.000530,1,1,1
follow,2.694427,883,453,0,122,883,331,943.000530,1,1,1
follow,2.719417,883,473,0,158,883,315,937.504133,1,1,1
follow,2.733654,883,473,0,158,883,315,937.504133,1,1,1
follow,2.749902,883,473,0,172,883,301,932.893349,1,1,1
follow,2.771875,883,501,0,200,883,301,932.893349,1,1,1
follow,2.789957,883,501,0,217,883,284,927.547842,1,1,1
follow,2.801845,883,501,0,217,883,284,927.547842,1,1,1
follow,2.823416,883,531,0,247,883,284,927.547842,1,1,1
follow,2.839822,883,531,0,267,883,264,921.620855,1,1,1
follow,2.853856,883,531,0,267,883,264,921.620855,1,1,1
follow,2.877119,883,562,0,312,883,250,917.708559,1,1,1
follow,2.886946,883,562,0,312,883,250,917.708559,1,1,1
follow,2.896404,883,562,0,312,883,250,917.708559,1,1,1
follow,2.927351,883,594,0,351,883,243,915.826403,1,1,1
follow,2.941694,883,594,0,351,883,243,915.826403,1,1,1
follow,2.959969,883,619,0,389,883,230,912.463150,1,1,1
follow,2.972163,883,619,0,389,883,230,912.463150,1,1,1
follow,2.987028,883,619,0,389,883,230,912.463150,1,1,1
follow,3.011310,883,645,0,430,883,215,908.798107,1,1,1
follow,3.024562,883,645,0,430,883,215,908.798107,1,1,1
follow,3.035965,883,671,28,471,855,200,878.080292,1,1,1
follow,3.045666,883,671,28,471,855,200,878.080292,1,1,1
follow,3.053835,883,671,101,483,782,188,804.281045,1,1,1
follow,3.063639,883,671,101,483,782,188,804.281045,1,1,1
follow,3.072891,883,691,155,512,728,179,749.683266,1,1,1
follow,3.081304,883,691,155,512,728,179,749.683266,1,1,1
follow,3.088482,883,691,223,525,660,166,680.555655,1,1,1
follow,3.097554,883,691,223,525,660,166,680.555655,1,1,1
follow,3.106347,883,691,302,542,581,149,599.801634,1,1,1
follow,3.115996,883,691,302,542,581,149,599.801634,1,1,1
follow,3.126363,883,691,358,556,525,135,542.079330,1,1,1
follow,3.135091,883,691,358,556,525,135,542.079330,1,1,1
follow,3.143966,883,691,409,572,474,119,488.709525,1,1,1
follow,3.152670,883,691,409,572,474,119,488.709525,1,1,1
follow,3.162981,883,691,458,587,425,104,437.539712,1,1,1
follow,3.172871,883,691,507,603,376,88,386.160588,1,1,1
follow,3.186123,883,691,507,603,376,88,386.160588,1,1,1
follow,3.194956,883,691,557,619,326,72,333.856256,1,1,1
follow,3.203968,883,691,557,619,326,72,333.856256,1,1,1
follow,3.215392,883,691,610,634,273,57,278.887074,1,1,1
follow,3.225746,855,691,656,652,199,39,202.785601,1,1,1
follow,3.235771,855,691,656,652,199,39,202.785601,1,1,1
follow,3.243620,855,691,705,662,150,29,152.777616,1,1,1
follow,3.252446,855,691,705,662,150,29,152.777616,1,1,1
follow,3.263777,812,691,737,663,75,28,80.056230,1,1,1
follow,3.271520,812,691,737,663,75,28,80.056230,1,1,1
follow,3.281800,812,691,784,663,28,28,39.597980,1,1,1
follow,3.292705,812,691,784,663,28,28,39.597980,1,1,1
follow,3.300707,768,691,673,663,95,28,99.040396,1,1,1
follow,3.311038,768,691,673,663,95,28,99.040396,1,1,1
follow,3.322206,768,691,601,658,167,33,170.229257,1,1,1
follow,3.330991,768,691,553,648,215,43,219.257839,1,1,1
follow,3.344132,737,691,522,648,215,43,219.257839,1,1,1
follow,3.351934,737,691,450,630,287,61,293.410975,1,1,1
follow,3.359437,737,691,450,630,287,61,293.410975,1,1,1
follow,3.370193,737,691,411,619,326,72,333.856256,1,1,1
follow,3.380987,708,691,382,619,326,72,333.856256,1,1,1
follow,3.390383,708,691,307,595,401,96,412.331178,1,1,1
follow,3.399135,708,691,307,595,401,96,412.331178,1,1,1
follow,3.407607,708,691,247,576,461,115,475.127351,1,1,1
follow,3.418890,691,691,230,576,461,115,475.127351,1,1,1
follow,3.428352,691,691,179,560,512,131,528.493141,1,1,1
follow,3.437331,691,691,179,560,512,131,528.493141,1,1,1
follow,3.444357,691,691,179,560,512,131,528.493141,1,1,1
follow,3.455689,682,691,115,545,567,146,585.495517,1,1,1
follow,3.466240,682,691,39,528,643,163,663.338526,1,1,1
follow,3.476409,682,691,39,528,643,163,663.338526,1,1,1
follow,3.485415,682,691,64,509,618,182,644.242190,1,1,1
follow,3.494736,681,691,65,509,616,182,642.323906,1,1,1
follow,3.504653,681,691,65,509,616,182,642.323906,1,1,1
follow,3.517256,681,691,156,494,525,197,560.744148,1,1,1
follow,3.527440,681,691,156,494,525,197,560.744148,1,1,1
follow,3.552020,690,691,193,479,497,212,540.326753,1,1,1
follow,3.566629,690,691,193,479,497,212,540.326753,1,1,1
follow,3.584456,706,691,177,461,529,230,576.837065,1,1,1
follow,3.596048,706,691,177,461,529,230,576.837065,1,1,1
follow,3.607599,706,691,177,461,529,230,576.837065,1,1,1
follow,3.633932,714,691,169,448,545,243,596.719365,1,1,1
follow,3.647516,714,691,169,448,545,243,596.719365,1,1,1
follow,3.665011,728,691,155,438,573,253,626.368901,1,1,1
follow,3.673967,728,691,155,438,573,253,626.368901,1,1,1
follow,3.687782,728,691,155,438,573,253,626.368901,1,1,1
follow,3.711287,743,691,140,423,603,268,659.873473,1,1,1
follow,3.721857,743,691,140,423,603,268,659.873473,1,1,1
follow,3.741461,743,691,140,407,603,284,666.532070,1,1,1
follow,3.763379,760,691,123,407,637,284,697.441754,1,1,1
follow,3.776965,760,691,123,390,637,301,704.535308,1,1,1
follow,3.791851,760,691,123,390,637,301,704.535308,1,1,1
follow,3.817581,783,691,100,365,683,326,756.812394,1,1,1
follow,3.834797,783,691,100,365,683,326,756.812394,1,1,1
follow,3.847136,783,691,100,365,683,326,756.812394,1,1,1
follow,3.870588,808,691,75,344,733,347,810.985820,1,1,1
follow,3.887456,808,691,75,344,733,347,810.985820,1,1,1
follow,3.901475,808,691,75,327,733,364,818.403934,1,1,1
follow,3.923474,833,691,50,327,783,364,863.472640,1,1,1
follow,3.941859,833,691,50,315,783,376,868.599447,0,1,1
follow,3.953888,833,691,50,315,783,376,868.599447,1,1,1
follow,3.976920,857,670,26,272,831,398,921.392967,1,1,1
follow,3.991602,857,670,26,272,831,398,921.392967,1,1,1
follow,4.000972,857,670,26,248,831,422,932.011266,1,1,1
follow,4.019620,880,626,3,204,877,422,973.248684,1,1,1
follow,4.034282,880,626,3,204,877,422,973.248684,1,1,1
follow,4.047742,880,626,3,173,877,453,987.085609,1,1,1
follow,4.060133,883,585,0,132,883,453,992.420274,1,1,1
follow,4.071583,883,585,0,132,883,453,992.420274,1,1,1
follow,4.087841,883,585,0,105,883,480,1005.031840,1,1,1
follow,4.100371,883,585,0,105,883,480,1005.031840,1,1,1
follow,4.123300,883,557,0,34,883,523,1026.264099,1,1,1
follow,4.140280,883,557,0,34,883,523,1026.264099,1,1,1
follow,4.152327,883,557,0,34,883,523,1026.264099,1,1,1
follow,4.176240,883,524,0,30,883,494,1011.792963,1,1,1
follow,4.191493,883,524,0,30,883,494,1011.792963,1,1,1
follow,4.206716,883,524,0,70,883,454,992.877132,1,1,1
follow,4.228502,883,493,0,101,883,392,966.101961,1,1,1
follow,4.244706,883,493,0,135,883,358,952.813203,1,1,1
follow,4.259452,883,493,0,135,883,358,952.813203,1,1,1
follow,4.280629,883,464,0,198,883,266,922.195749,1,1,1
follow,4.288930,883,464,0,198,883,266,922.195749,1,1,1
follow,4.301312,883,464,0,198,883,266,922.195749,1,1,1
follow,4.325184,883,435,0,256,883,179,900.960598,1,1,1
follow,4.333908,883,435,0,256,883,179,900.960598,1,1,1
follow,4.343004,883,435,0,256,883,179,900.960598,1,1,1
follow,4.364020,883,413,0,278,883,135,893.260320,1,1,1
follow,4.377602,883,413,0,278,883,135,893.260320,1,1,1
follow,4.391883,883,413,0,278,883,135,893.260320,1,1,1
follow,4.414811,883,389,0,302,883,87,887.275605,1,1,1
follow,4.428716,883,389,0,302,883,87,887.275605,1,1,1
follow,4.443779,883,389,0,302,883,87,887.275605,1,1,1
follow,4.465480,883,355,0,336,883,19,883.204393,1,1,1
follow,4.478921,883,355,0,336,883,19,883.204393,1,1,1
follow,4.493617,883,355,0,336,883,19,883.204393,1,1,1
follow,4.507282,883,317,9,374,874,-57,875.856723,1,1,1
follow,4.519298,883,317,9,374,874,-57,875.856723,1,1,1
follow,4.534215,883,317,9,374,874,-57,875.856723,1,1,1
follow,4.555852,883,272,45,419,838,-147,850.795510,1,1,1
follow,4.571786,883,272,45,419,838,-147,850.795510,1,1,1
follow,4.584376,883,272,45,419,838,-147,850.795510,1,1,1
follow,4.609337,883,234,86,457,797,-223,827.609811,1,1,1
follow,4.623138,883,234,86,457,797,-223,827.609811,1,1,1
follow,4.649573,883,176,115,515,768,-339,839.490917,1,1,1
follow,4.663151,883,176,115,515,768,-339,839.490917,1,1,1
follow,4.675356,883,221,115,470,768,-249,807.356798,1,1,1
follow,4.691535,883,221,146,470,737,-249,777.926732,1,1,1
follow,4.703460,883,221,146,470,737,-249,777.926732,1,1,1
follow,4.724006,883,260,166,431,717,-171,737.109219,1,1,1
follow,4.733112,883,260,166,431,717,-171,737.109219,1,1,1
follow,4.744722,883,260,166,431,717,-171,737.109219,1,1,1
follow,4.767758,883,295,186,396,697,-101,704.279774,1,1,1
follow,4.784120,883,295,186,396,697,-101,704.279774,1,1,1
follow,4.796616,883,295,186,396,697,-101,704.279774,1,1,1
follow,4.820110,883,336,196,355,687,-19,687.262686,1,1,1
follow,4.836708,883,336,196,355,687,-19,687.262686,1,1,1
follow,4.850522,883,336,202,355,681,-19,681.265000,1,1,1
follow,4.872191,883,364,202,327,681,37,682.004399,1,1,1
follow,4.890669,883,364,203,327,680,37,681.005874,1,1,1
follow,4.902788,883,364,203,327,680,37,681.005874,1,1,1
follow,4.926794,883,397,197,294,686,103,693.689412,1,1,1
follow,4.941491,883,397,197,294,686,103,693.689412,1,1,1
follow,4.955346,883,428,197,263,686,165,705.564313,1,1,1
follow,4.968921,883,428,190,263,693,165,712.372094,1,1,1
follow,4.983430,883,428,190,263,693,165,712.372094,1,1,1
follow,5.001076,883,450,190,241,693,209,723.830091,1,1,1
follow,5.018775,883,450,177,241,706,209,736.285950,1,1,1
follow,5.035161,883,450,177,241,706,209,736.285950,1,1,1
follow,5.056877,883,471,177,220,706,251,749.290998,1,1,1
follow,5.072219,883,471,150,220,733,251,774.783841,1,1,1
follow,5.087245,883,471,150,220,733,251,774.783841,1,1,1
follow,5.110119,883,500,150,191,733,309,795.468415,1,1,1
follow,5.125324,883,500,129,191,754,309,814.860111,1,1,1
follow,5.139941,883,500,129,191,754,309,814.860111,1,1,1
follow,5.163971,883,532,106,159,777,373,861.892105,1,1,1
follow,5.178231,883,532,106,159,777,373,861.892105,1,1,1
follow,5.191126,883,532,106,159,777,373,861.892105,1,1,1
follow,5.216406,883,566,81,125,802,441,915.251332,1,1,1
follow,5.229329,883,566,81,125,802,441,915.251332,1,1,1
follow,5.243188,883,566,81,125,802,441,915.251332,1,1,1
follow,5.258768,883,605,50,86,833,519,981.453004,1,1,1
follow,5.271046,883,605,50,86,833,519,981.453004,1,1,1
follow,5.286096,883,605,50,86,833,519,981.453004,1,0,1
follow,5.295128,869,648,0,0,869,648,1084.004151,1,1,1
follow,5.304120,869,648,0,0,869,648,1084.004151,1,1,1
follow,5.317095,869,648,14,43,855,605,1047.401547,1,1,1
follow,5.331806,869,648,14,43,855,605,1047.401547,1,1,1
follow,5.344275,851,682,32,77,819,605,1018.226890,1,1,1
follow,5.357325,851,682,32,125,819,557,990.459489,1,1,1
follow,5.369526,851,682,32,125,819,557,990.459489,1,1,1
follow,5.387089,820,691,63,159,757,532,925.242130,1,1,1
follow,5.398588,820,691,63,159,757,532,925.242130,1,1,1
follow,5.410248,820,691,63,159,757,532,925.242130,1,1,1
follow,5.435571,802,691,81,159,721,532,896.027343,1,1,1
follow,5.450407,802,691,81,191,721,500,877.405835,1,1,1
follow,5.472878,783,691,100,191,683,500,846.456733,1,1,1
follow,5.489255,783,691,100,191,683,500,846.456733,1,1,1
follow,5.502707,783,691,100,234,683,457,821.789511,1,1,1
follow,5.525097,766,691,117,234,649,457,793.756890,1,1,1
follow,5.541204,766,691,117,256,649,435,781.297639,1,1,1
follow,5.555188,766,691,117,256,649,435,781.297639,1,1,1
follow,5.567478,743,691,140,256,603,435,743.528076,1,1,1
follow,5.583445,743,691,140,278,603,413,730.874818,1,1,1
follow,5.595237,743,691,140,278,603,413,730.874818,1,1,1
follow,5.615619,723,691,160,318,563,373,675.350279,1,1,1
follow,5.634146,723,691,160,318,563,373,675.350279,1,1,1
follow,5.649762,723,691,160,345,563,346,660.821458,1,1,1
follow,5.671484,710,691,173,345,537,346,638.815310,1,1,1
follow,5.689562,710,691,173,374,537,317,623.584798,1,1,1
follow,5.701722,710,691,173,374,537,317,623.584798,1,1,1
follow,5.725751,696,691,187,419,509,272,577.117839,1,1,1
follow,5.740228,696,691,187,419,509,272,577.117839,1,1,1
follow,5.754029,696,691,187,419,509,272,577.117839,1,1,1
follow,5.778773,686,691,197,485,489,206,530.619449,1,1,1
follow,5.791948,686,691,197,485,489,206,530.619449,1,1,1
follow,5.813815,681,691,202,485,479,206,521.418258,1,1,1
follow,5.826341,681,691,202,485,479,206,521.418258,1,1,1
follow,5.840469,681,691,202,485,479,206,521.418258,1,1,1
follow,5.864853,680,691,203,419,477,272,549.101994,1,1,1
follow,5.877012,680,691,203,419,477,272,549.101994,1,1,1
follow,5.893280,684,691,199,364,485,327,584.939313,1,1,1
follow,5.905521,684,691,199,364,485,327,584.939313,1,1,1
follow,5.918093,684,691,199,364,485,327,584.939313,1,1,1
follow,5.933176,687,691,196,364,491,327,589.923724,1,1,1
follow,5.945983,687,691,196,318,491,373,616.611709,1,1,1
follow,5.958202,687,691,196,318,491,373,616.611709,1,1,1
follow,5.979996,694,691,189,318,505,373,627.816852,1,1,1
follow,5.995993,694,691,189,286,505,405,647.340714,1,1,1
follow,6.008297,694,691,189,286,505,405,647.340714,1,1,1
follow,6.035947,704,691,179,241,525,450,691.465834,1,1,1
follow,6.051143,704,691,179,241,525,450,691.465834,1,1,1
follow,6.074061,721,691,162,220,559,471,730.973324,1,1,1
follow,6.088750,721,691,162,220,559,471,730.973324,1,1,1
follow,6.102747,721,691,162,220,559,471,730.973324,1,1,1
follow,6.118516,737,691,146,191,591,500,774.132418,1,1,1
follow,6.131218,737,691,146,191,591,500,774.132418,1,1,1
follow,6.142611,737,691,146,191,591,500,774.132418,1,1,1
follow,6.166001,761,691,122,159,639,532,831.471587,1,1,1
follow,6.178962,761,691,122,159,639,532,831.471587,1,1,1
follow,6.192102,761,691,122,159,639,532,831.471587,1,1,1
follow,6.207982,782,691,101,116,681,575,891.283344,1,1,1
follow,6.219892,782,691,101,116,681,575,891.283344,1,1,1
follow,6.234584,782,691,101,116,681,575,891.283344,1,1,1
follow,6.258286,812,691,71,86,741,605,956.611729,1,1,1
follow,6.272066,812,691,71,86,741,605,956.611729,1,1,1
follow,6.280735,812,691,57,43,755,648,994.951758,1,1,1
follow,6.288347,838,691,31,43,807,648,1034.965217,1,1,1
follow,6.302049,838,691,1,0,837,691,1085.380118,1,1,1
follow,6.311709,838,691,1,0,837,691,1085.380118,1,1,1
follow,6.321799,838,691,1,0,837,691,1085.380118,1,1,1
follow,6.342197,874,691,60,0,814,691,1067.743883,1,1,1
follow,6.356344,874,691,60,0,814,691,1067.743883,1,1,1
follow,6.368056,874,691,85,0,789,691,1048.809802,1,1,1
follow,6.390045,883,691,94,0,789,691,1048.809802,1,1,1
follow,6.397407,883,691,94,0,789,691,1048.809802,1,1,1
follow,6.411099,883,691,117,0,766,691,1031.618631,1,1,1
follow,6.433762,883,691,117,0,766,691,1031.618631,1,1,1
follow,6.443958,883,691,117,0,766,691,1031.618631,1,1,1
follow,6.453220,883,691,145,0,738,691,1011.001978,1,1,1
follow,6.466047,883,691,145,0,738,691,1011.001978,1,1,1
follow,6.475837,883,691,145,0,738,691,1011.001978,1,1,1
follow,6.490117,883,691,173,0,710,691,990.747697,1,1,1
follow,6.500191,883,691,173,0,710,691,990.747697,1,1,1
follow,6.521486,883,691,184,0,699,691,982.894704,1,1,1
follow,6.534147,883,691,184,0,699,691,982.894704,1,1,1
follow,6.545982,883,691,184,0,699,691,982.894704,1,1,1
follow,6.564787,883,691,193,0,690,691,976.514721,1,0,1
follow,6.581546,883,691,193,0,690,691,976.514721,1,1,1
follow,6.597069,883,691,201,0,682,691,970.878468,1,1,1
follow,6.610902,883,688,201,3,682,685,966.617298,1,1,1
follow,6.622103,883,688,201,3,682,685,966.617298,1,1,1
follow,6.638156,883,688,202,3,681,685,965.912004,1,1,1
follow,6.660345,883,654,202,37,681,617,918.939606,1,1,1
follow,6.673976,883,654,202,37,681,617,918.939606,1,1,1
follow,6.690189,883,654,199,37,684,617,921.165023,1,1,1
follow,6.711713,883,628,199,63,684,565,887.175856,1,1,1
follow,6.727021,883,628,192,63,691,565,892.583890,1,1,1
follow,6.741856,883,628,192,63,691,565,892.583890,1,1,1
follow,6.765518,883,594,175,97,708,497,865.027745,1,1,1
follow,6.779232,883,594,175,97,708,497,865.027745,1,1,1
follow,6.794285,883,594,175,97,708,497,865.027745,1,1,1
follow,6.817963,883,562,152,129,731,433,849.617561,1,1,1
follow,6.834795,883,562,152,129,731,433,849.617561,1,1,1
follow,6.845216,883,562,128,129,755,433,870.352802,1,1,1
follow,6.860069,883,531,128,160,755,371,841.228863,1,1,1
follow,6.871639,883,531,128,160,755,371,841.228863,1,1,1
follow,6.887870,883,531,94,160,789,371,871.872697,1,1,1
follow,6.909405,883,501,94,190,789,311,848.081364,1,1,1
follow,6.924987,883,501,62,190,821,311,877.930521,1,1,1
follow,6.939903,883,501,62,190,821,311,877.930521,1,1,1
follow,6.955191,883,480,28,211,855,269,896.318024,1,1,1
follow,6.965927,883,480,28,211,855,269,896.318024,1,1,1
follow,6.977012,883,480,28,211,855,269,896.318024,1,1,1
follow,6.991703,883,453,28,238,855,215,881.617831,1,1,1
follow,7.005308,883,453,0,238,883,215,908.798107,1,1,1
follow,7.017457,883,453,0,238,883,215,908.798107,1,1,1
follow,7.032679,883,434,0,257,883,177,900.565378,1,1,1
follow,7.043757,883,434,0,257,883,177,900.565378,1,1,1
follow,7.055686,883,434,0,257,883,177,900.565378,1,1,1
follow,7.067605,883,434,0,257,883,177,900.565378,1,1,1
follow,7.083205,883,416,0,275,883,141,894.186781,1,1,1
follow,7.094184,883,416,0,275,883,141,894.186781,1,1,1
follow,7.106207,883,416,0,275,883,141,894.186781,1,1,1
follow,7.123187,883,392,0,299,883,93,887.884001,1,1,1
follow,7.131206,883,392,0,299,883,93,887.884001,1,1,1
follow,7.142510,883,392,0,299,883,93,887.884001,1,1,1
follow,7.163960,883,376,0,315,883,61,885.104514,1,1,1
follow,7.177595,883,376,0,315,883,61,885.104514,1,1,1
follow,7.192026,883,376,0,315,883,61,885.104514,1,1,1
follow,7.213744,883,364,0,327,883,37,883.774858,1,1,1
follow,7.226813,883,364,0,290,883,74,886.095367,1,1,1
follow,7.234362,883,364,0,290,883,74,886.095367,1,1,1
follow,7.253427,883,342,0,312,883,30,883.509479,1,1,1
follow,7.267390,883,342,0,312,883,30,883.509479,1,1,1
follow,7.283545,883,342,0,277,883,65,885.389180,1,1,1
follow,7.305217,883,320,0,299,883,21,883.249682,1,1,1
follow,7.320397,883,320,0,266,883,54,884.649648,1,1,1
follow,7.334971,883,320,0,266,883,54,884.649648,1,1,1
follow,7.358205,883,306,0,232,883,74,886.095367,1,1,1
follow,7.372109,883,306,0,232,883,74,886.095367,1,1,1
follow,7.388541,883,288,0,228,883,60,885.036157,1,1,1
follow,7.399980,883,288,0,228,883,60,885.036157,1,1,1
follow,7.411512,883,288,0,228,883,60,885.036157,1,1,1
follow,7.428563,883,275,0,212,883,63,885.244599,1,1,1
follow,7.439934,883,275,0,212,883,63,885.244599,1,1,1
follow,7.451791,883,275,0,212,883,63,885.244599,1,1,1
follow,7.465860,883,264,0,189,883,75,886.179440,1,1,1
follow,7.476953,883,264,0,189,883,75,886.179440,1,1,1
follow,7.489919,883,264,0,189,883,75,886.179440,1,1,1
follow,7.503650,883,253,0,200,883,53,884.589170,1,1,1
follow,7.514118,883,253,0,181,883,72,885.930584,1,1,1
follow,7.528560,883,253,0,181,883,72,885.930584,1,1,1
follow,7.543107,883,253,0,181,883,72,885.930584,1,1,1
follow,7.566414,883,243,0,161,883,82,886.799301,1,1,1
follow,7.582869,883,243,0,161,883,82,886.799301,1,1,1
follow,7.594428,883,243,0,161,883,82,886.799301,1,1,1
follow,7.617867,883,230,0,157,883,73,886.012415,1,1,1
follow,7.634419,883,230,0,157,883,73,886.012415,1,1,1
follow,7.647383,883,230,0,129,883,101,888.757560,1,1,1
follow,7.671168,883,218,0,141,883,77,886.350946,1,1,1
follow,7.687434,883,218,0,118,883,100,888.644473,1,1,1
follow,7.699517,883,218,0,118,883,100,888.644473,1,1,1
follow,7.722241,883,206,0,105,883,101,888.757560,1,1,1
follow,7.737258,883,206,0,105,883,101,888.757560,1,1,1
follow,7.762442,818,194,65,98,753,96,759.094856,1,1,1
follow,7.776452,818,194,65,98,753,96,759.094856,1,1,1
follow,7.791194,764,185,119,107,645,78,649.699161,1,1,1
follow,7.804965,764,185,119,94,645,91,651.387749,1,1,1
follow,7.816937,764,185,119,94,645,91,651.387749,1,1,1
follow,7.832004,711,176,172,103,539,73,543.920950,1,1,1
follow,7.842946,711,176,172,103,539,73,543.920950,1,1,1
follow,7.856151,711,176,172,84,539,92,546.795208,1,1,1
follow,7.877668,660,166,223,94,437,72,442.891635,1,1,1
follow,7.895317,660,166,223,80,437,86,445.381859,1,1,1
follow,7.907520,660,166,223,80,437,86,445.381859,1,1,1
follow,7.930699,612,156,271,74,341,82,350.720687,1,1,1
follow,7.945140,612,156,271,74,341,82,350.720687,1,1,1
follow,7.959034,612,156,271,74,341,82,350.720687,1,1,1
follow,7.982468,553,142,330,73,223,69,233.430932,1,1,1
follow,7.996637,553,142,330,73,223,69,233.430932,1,1,1
follow,8.010341,553,142,330,73,223,69,233.430932,1,1,1
follow,8.018395,499,127,356,73,143,54,152.856142,1,1,1
follow,8.030256,499,127,265,58,234,69,243.961062,1,1,1
follow,8.039349,499,127,265,58,234,69,243.961062,1,1,1
follow,8.048466,499,127,177,43,322,84,332.776201,1,1,1
follow,8.059092,449,112,178,48,271,64,278.454664,1,1,1
follow,8.067251,449,112,178,48,271,64,278.454664,1,1,1
follow,8.076531,449,112,132,37,317,75,325.751439,1,1,1
follow,8.085533,449,112,132,37,317,75,325.751439,1,1,1
follow,8.094753,376,88,163,50,213,38,216.363121,1,1,1
follow,8.104156,376,88,163,50,213,38,216.363121,1,1,1
follow,8.117900,376,88,98,31,278,57,283.783368,1,1,1
follow,8.127709,376,88,98,31,278,57,283.783368,1,1,1
follow,8.136477,300,64,113,36,187,28,189.084637,1,1,1
follow,8.144032,300,64,113,36,187,28,189.084637,1,1,1
follow,8.154864,300,64,113,36,187,28,189.084637,1,1,1
follow,8.162993,300,64,64,20,236,44,240.066657,1,1,1
follow,8.172323,230,46,134,38,96,8,96.332757,1,1,1
follow,8.183133,230,46,57,15,173,31,175.755512,1,1,1
follow,8.190282,230,46,57,15,173,31,175.755512,1,1,1
follow,8.199604,230,46,57,15,173,31,175.755512,1,1,1
follow,8.206260,132,28,98,18,34,10,35.440090,1,1,1
follow,8.216343,132,28,98,18,34,10,35.440090,1,1,1
follow,8.228971,132,28,0,0,132,28,134.937022,1,1,1
follow,8.242381,132,28,0,0,132,28,134.937022,1,1,1
follow,8.250689,34,28,0,0,34,28,44.045431,1,1,1
follow,8.262116,34,28,0,0,34,28,44.045431,1,1,1
follow,8.270297,34,28,0,0,34,28,44.045431,1,1,1
follow,8.280090,34,28,0,0,34,28,44.045431,1,1,1
follow,8.289569,75,28,41,0,34,28,44.045431,1,1,1
follow,8.298685,75,28,57,0,18,28,33.286634,1,1,1
follow,8.309641,75,28,57,0,18,28,33.286634,1,1,1
follow,8.317286,75,28,57,0,18,28,33.286634,1,1,1
follow,8.328404,167,33,63,13,104,20,105.905618,1,1,1
follow,8.337338,167,33,63,13,104,20,105.905618,1,1,1
follow,8.347217,167,33,133,31,34,2,34.058773,1,1,1
follow,8.356556,167,33,133,31,34,2,34.058773,1,1,1
follow,8.367700,259,53,117,35,142,18,143.136299,1,0,1
follow,8.377748,259,53,117,35,142,18,143.136299,0,1,1
follow,8.388345,259,53,178,55,81,-2,81.024688,1,1,1
follow,8.400473,259,53,178,55,81,-2,81.024688,1,0,1
follow,8.410998,339,76,173,55,166,21,167.323041,0,1,1
follow,8.421256,339,76,173,55,166,21,167.323041,1,1,1
follow,8.429068,339,76,173,55,166,21,167.323041,1,1,1
follow,8.442144,339,76,242,73,97,3,97.046381,1,1,1
follow,8.449756,413,100,168,49,245,51,250.251873,1,1,1
follow,8.457278,413,100,168,49,245,51,250.251873,1,1,1
follow,8.469019,413,100,263,70,150,30,152.970585,1,1,1
follow,8.478865,413,100,263,70,150,30,152.970585,1,1,1
follow,8.487827,486,123,278,62,208,61,216.760236,1,1,1
follow,8.500408,486,123,278,62,208,61,216.760236,1,1,1
follow,8.509302,486,123,388,80,98,43,107.018690,1,1,1
follow,8.520980,486,123,388,80,98,43,107.018690,1,1,1
follow,8.542415,553,142,330,76,223,66,232.561820,1,1,1
follow,8.554546,553,142,330,76,223,66,232.561820,1,1,1
follow,8.567187,553,142,330,76,223,66,232.561820,1,1,1
follow,8.583487,643,163,240,55,403,108,417.220565,1,1,1
follow,8.596174,643,163,240,70,403,93,413.591586,1,1,1
follow,8.608225,643,163,240,70,403,93,413.591586,1,1,1
follow,8.629773,693,173,190,60,503,113,515.536614,1,1,1
follow,8.645732,693,173,190,80,503,93,511.525170,1,1,1
follow,8.659566,693,173,190,80,503,93,511.525170,1,1,1
follow,8.678798,746,182,137,93,609,89,615.468927,1,1,1
follow,8.688245,746,182,137,93,609,89,615.468927,1,1,1
follow,8.700169,746,182,137,93,609,89,615.468927,0,1,1
follow,8.721990,818,194,65,81,753,113,761.431546,1,1,1
follow,8.736754,818,194,65,103,753,91,758.478741,1,1,1
follow,8.752169,818,194,65,103,753,91,758.478741,1,1,1
follow,8.774032,874,203,9,94,865,109,871.840582,1,1,1
follow,8.792993,874,203,9,112,865,91,869.773534,1,1,1
follow,8.806052,874,203,9,112,865,91,869.773534,1,1,1
follow,8.828175,883,215,0,100,883,115,890.457186,1,1,1
follow,8.844514,883,215,0,127,883,88,887.374216,1,1,1
follow,8.859173,883,215,0,127,883,88,887.374216,1,1,1
follow,8.881391,883,227,0,115,883,112,890.074716,1,1,1
follow,8.898319,883,227,0,149,883,78,886.438379,1,1,1
follow,8.912096,883,227,0,149,883,78,886.438379,1,1,1
follow,8.929637,883,240,0,158,883,82,886.799301,1,1,1
follow,8.941015,883,240,0,158,883,82,886.799301,1,1,1
follow,8.953375,883,240,0,158,883,82,886.799301,1,1,1
follow,8.966156,883,253,0,145,883,108,889.580238,1,1,1
follow,8.980474,883,253,0,145,883,108,889.580238,1,1,1
follow,8.993681,883,253,0,181,883,72,885.930584,1,1,1
follow,9.014880,883,264,0,170,883,94,887.989302,1,1,1
follow,9.030353,883,264,0,170,883,94,887.989302,1,1,1
follow,9.044666,883,264,0,209,883,55,884.711252,1,1,1
follow,9.069134,883,275,0,198,883,77,886.350946,1,1,1
follow,9.085986,883,275,0,198,883,77,886.350946,1,1,1
follow,9.100075,883,275,0,233,883,42,883.998303,1,1,1
follow,9.122084,883,292,0,216,883,76,886.264633,1,1,1
follow,9.139041,883,292,0,216,883,76,886.264633,1,1,1
follow,9.152810,883,292,0,254,883,38,883.817289,1,1,1
follow,9.174831,883,311,0,235,883,76,886.264633,1,1,1
follow,9.189726,883,311,0,235,883,76,886.264633,1,1,1
follow,9.205165,883,311,0,275,883,36,883.733557,1,1,1
follow,9.227068,883,331,0,255,883,76,886.264633,1,1,1
follow,9.236888,883,331,0,255,883,76,886.264633,1,1,1
follow,9.255509,883,331,0,297,883,34,883.654344,1,1,1
follow,9.277431,883,353,0,275,883,78,886.438379,1,1,1
follow,9.292498,883,353,0,275,883,78,886.438379,1,1,1
follow,9.308020,883,353,0,335,883,18,883.183446,1,1,1
follow,9.329753,883,370,0,318,883,52,884.529819,1,1,1
follow,9.344905,883,370,0,318,883,52,884.529819,1,1,1
follow,9.360201,883,370,0,321,883,49,884.358525,1,1,1
follow,9.385332,883,392,0,299,883,93,887.884001,1,1,1
follow,9.399216,883,392,0,299,883,93,887.884001,1,1,1
follow,9.411086,883,416,0,275,883,141,894.186781,1,1,1
follow,9.423444,883,416,0,275,883,141,894.186781,1,1,1
follow,9.438254,883,416,0,275,883,141,894.186781,1,1,1
follow,9.450219,883,416,0,275,883,141,894.186781,1,1,1
follow,9.472098,883,434,0,257,883,177,900.565378,1,1,1
follow,9.488814,883,434,0,257,883,177,900.565378,1,1,1
follow,9.500972,883,434,0,257,883,177,900.565378,1,1,1
follow,9.524039,883,460,18,231,865,229,894.799419,1,1,1
follow,9.538617,883,460,18,231,865,229,894.799419,1,1,1
follow,9.552896,883,460,18,231,865,229,894.799419,1,1,1
follow,9.571731,883,487,62,204,821,283,868.406587,1,1,1
follow,9.582011,883,487,62,204,821,283,868.406587,1,1,1
follow,9.593824,883,487,62,204,821,283,868.406587,1,1,1
follow,9.616900,883,516,101,175,782,341,853.114881,1,1,1
follow,9.632499,883,516,101,175,782,341,853.114881,1,1,1
follow,9.645003,883,516,101,175,782,341,853.114881,1,1,1
follow,9.668520,883,538,141,153,742,385,835.936002,1,1,1
follow,9.685176,883,538,141,153,742,385,835.936002,1,1,1
follow,9.696900,883,538,141,153,742,385,835.936002,1,1,1
follow,9.720201,883,570,166,121,717,449,845.984633,1,1,1
follow,9.736667,883,570,166,121,717,449,845.984633,1,1,1
follow,9.748417,883,570,166,121,717,449,845.984633,1,1,1
follow,9.771694,883,603,186,88,697,515,866.622178,1,1,1
follow,9.788314,883,603,186,88,697,515,866.622178,1,1,1
follow,9.801032,883,636,186,55,697,581,907.397377,1,1,1
follow,9.811879,883,636,186,55,697,581,907.397377,1,0,1
follow,9.825551,883,636,196,55,687,581,899.738851,1,1,1
follow,9.839967,883,636,196,55,687,581,899.738851,1,1,1
follow,9.859920,883,662,196,29,687,633,934.161656,1,1,1
follow,9.871540,883,662,203,29,680,633,929.025834,1,1,1
follow,9.884219,883,662,203,29,680,633,929.025834,1,1,1
follow,9.906343,883,691,199,0,684,691,972.284423,1,1,1
follow,9.916245,883,691,199,0,684,691,972.284423,1,1,1
follow,9.926100,883,691,199,0,684,691,972.284423,1,1,1
follow,9.940286,883,691,190,0,693,691,978.636807,1,1,1
follow,9.950446,883,691,190,0,693,691,978.636807,1,1,1
follow,9.960777,883,691,190,0,693,691,978.636807,1,1,1
follow,9.972538,883,691,173,0,710,691,990.747697,1,1,1
follow,9.985243,883,691,173,0,710,691,990.747697,1,1,1
follow,9.995363,883,691,173,0,710,691,990.747697,1,1,1
follow,10.007159,883,691,150,0,733,691,1007.357930,1,1,1
hold,30.066691,883,691,150,0,733,691,1007.357930,1,1,1
hold,30.066716,883,691,123,0,760,691,1027.171359,1,1,1
hold,30.066728,883,691,123,0,760,691,1027.171359,1,1,1
hold,30.066739,883,691,123,0,760,691,1027.171359,1,1,1
hold,30.066748,883,691,100,0,783,691,1044.303596,1,1,1
hold,30.066757,883,691,100,0,783,691,1044.303596,1,1,1
hold,30.066774,883,691,75,0,808,691,1063.176843,1,1,1
hold,30.066784,883,691,75,0,808,691,1063.176843,1,1,1
hold,30.066795,883,691,75,0,808,691,1063.176843,1,1,1
hold,30.066806,874,691,41,0,833,691,1082.298480,1,1,1
hold,30.066819,874,691,41,0,833,691,1082.298480,0,1,1
hold,30.066831,874,691,41,0,833,691,1082.298480,1,1,1
hold,30.066841,838,691,25,32,813,659,1046.541925,1,1,1
hold,30.066849,838,691,25,32,813,659,1046.541925,1,1,1
hold,30.066860,838,691,45,86,793,605,997.433707,1,1,1
hold,30.066869,838,691,45,86,793,605,997.433707,1,1,1
hold,30.066878,804,691,79,86,725,605,944.272207,1,1,1
hold,30.066887,804,691,79,134,725,557,914.261451,1,1,1
hold,30.066897,804,691,79,134,725,557,914.261451,1,1,1
hold,30.066916,775,691,108,167,667,524,848.212827,1,1,1
hold,30.066925,775,691,108,167,667,524,848.212827,1,1,1
hold,30.066934,775,691,108,167,667,524,848.212827,1,1,1
hold,30.066944,748,691,135,205,613,486,782.281918,1,1,1
hold,30.066954,748,691,135,205,613,486,782.281918,1,1,1
hold,30.066963,748,691,135,227,613,464,768.807518,1,1,1
hold,30.066972,726,691,157,227,569,464,734.205012,1,1,1
hold,30.066982,726,691,157,227,569,464,734.205012,1,1,1
hold,30.066990,726,691,157,256,569,435,716.230410,1,1,1
hold,30.066999,708,691,175,256,533,435,687.978197,1,1,1
hold,30.067021,708,691,175,256,533,435,687.978197,1,1,1
hold,30.067030,708,691,175,302,533,389,659.856045,1,1,1
hold,30.067041,694,691,189,302,505,389,637.452743,1,1,1
hold,30.067052,694,691,189,345,505,346,612.160927,1,1,1
hold,30.067063,694,691,189,345,505,346,612.160927,1,1,1
hold,30.067074,687,691,196,374,491,317,584.439903,1,1,1
hold,30.067085,687,691,196,374,491,317,584.439903,1,1,1
hold,30.067094,682,691,201,431,481,260,546.773262,1,1,1
hold,30.067103,682,691,201,431,481,260,546.773262,1,1,1
hold,30.067112,682,691,201,470,481,221,529.341100,1,1,1
hold,30.067121,680,691,203,470,477,221,525.709045,1,1,1
hold,30.067130,680,691,203,515,477,176,508.433870,1,1,1
hold,30.067147,680,691,203,515,477,176,508.433870,1,1,1
hold,30.067156,682,691,201,515,481,176,512.188442,1,1,1
hold,30.067166,682,691,201,470,481,221,529.341100,1,1,1
hold,30.067177,682,691,201,470,481,221,529.341100,1,1,1
hold,30.067186,688,691,195,470,493,221,540.268452,1,1,1
hold,30.067195,688,691,195,396,493,295,574.520670,1,1,1
hold,30.067204,688,691,195,396,493,295,574.520670,1,1,1
hold,30.067217,699,691,184,396,515,295,593.506529,1,1,1
hold,30.067226,699,691,184,336,515,355,625.499800,1,1,1
hold,30.067236,699,691,184,336,515,355,625.499800,1,1,1
hold,30.067245,699,691,184,336,515,355,625.499800,1,1,1
hold,30.067256,710,691,173,302,537,389,663.091246,1,1,1
hold,30.067269,710,691,173,302,537,389,663.091246,1,1,1
hold,30.067282,728,691,155,263,573,428,715.201370,1,1,1
hold,30.067292,728,691,155,263,573,428,715.201370,1,1,1
hold,30.067302,728,691,155,263,573,428,715.201370,1,1,1
hold,30.067314,743,691,140,234,603,457,756.609543,1,1,1
hold,30.067325,743,691,140,234,603,457,756.609543,1,1,1
hold,30.067341,743,691,140,234,603,457,756.609543,1,1,1
hold,30.067352,760,691,123,198,637,493,805.492396,1,1,1
hold,30.067362,760,691,123,198,637,493,805.492396,1,1,1
hold,30.067371,760,691,123,167,637,524,824.830286,1,1,1
hold,30.067381,777,691,106,167,671,524,851.361850,1,1,1
hold,30.067392,777,691,106,134,671,557,872.060778,1,1,1
hold,30.067404,777,691,106,134,671,557,872.060778,1,1,1
hold,30.067413,802,691,81,96,721,595,934.808002,1,1,1
hold,30.067423,802,691,81,96,721,595,934.808002,1,1,1
hold,30.067432,802,691,81,96,721,595,934.808002,1,1,1
hold,30.067447,827,691,53,65,774,626,995.465720,1,1,1
hold,30.067455,827,691,53,65,774,626,995.465720,1,1,1
hold,30.067473,827,691,30,21,797,670,1041.205551,1,1,1
hold,30.067482,827,691,30,21,797,670,1041.205551,1,1,1
hold,30.067490,851,682,18,9,833,673,1070.895887,1,1,1
hold,30.067499,851,682,18,9,833,673,1070.895887,1,1,1
hold,30.067510,851,682,18,9,833,673,1070.895887,1,1,1
hold,30.067520,880,626,72,65,808,561,983.658986,1,1,1
hold,30.067529,880,626,72,65,808,561,983.658986,1,1,1
hold,30.067538,880,626,72,65,808,561,983.658986,1,1,1
hold,30.067547,883,585,106,106,777,479,912.781463,1,1,1
hold,30.067556,883,585,106,106,777,479,912.781463,1,1,1
hold,30.067566,883,585,129,106,754,479,893.284389,1,1,1
hold,30.067574,883,557,129,134,754,423,864.549015,1,1,1
hold,30.067582,883,557,150,134,733,423,846.296638,1,1,1
hold,30.067591,883,557,150,134,733,423,846.296638,1,1,1
hold,30.067599,883,524,164,167,719,357,802.751518,1,1,1
hold,30.067608,883,524,164,167,719,357,802.751518,1,1,1
hold,30.067618,883,524,164,167,719,357,802.751518,1,1,1
hold,30.067626,883,493,184,198,699,295,758.700204,1,1,1
hold,30.067636,883,493,184,198,699,295,758.700204,1,1,1
hold,30.067645,883,493,184,198,699,295,758.700204,1,1,1
hold,30.067660,883,464,199,227,684,237,723.895711,1,1,1
hold,30.067670,883,464,202,227,681,237,721.061717,1,1,1
hold,30.067679,883,435,202,256,681,179,704.132090,1,1,1
hold,30.067687,883,435,202,256,681,179,704.132090,1,1,1
hold,30.067695,883,435,202,256,681,179,704.132090,1,1,1
hold,30.067708,883,413,202,278,681,135,694.252116,1,1,1
hold,30.067718,883,413,202,278,681,135,694.252116,1,1,1
hold,30.067728,883,413,198,278,685,135,698.176196,1,1,1
hold,30.067736,883,389,198,302,685,87,690.502715,1,1,1
hold,30.067746,883,389,198,302,685,87,690.502715,1,1,1
hold,30.067756,883,389,189,302,694,87,699.431912,1,1,1
hold,30.067765,883,364,189,327,694,37,694.985611,1,1,1
hold,30.067775,883,364,189,327,694,37,694.985611,1,1,1
hold,30.067784,883,364,171,327,712,37,712.960728,1,1,1
hold,30.067793,883,327,171,364,712,-37,712.960728,1,1,1
hold,30.067802,883,327,171,364,712,-37,712.960728,1,1,1
hold,30.067813,883,327,141,364,742,-37,742.921934,1,1,1
hold,30.067823,883,284,141,407,742,-123,752.125654,1,1,1
hold,30.067836,883,284,141,407,742,-123,752.125654,1,1,1
hold,30.067845,883,284,101,407,782,-123,791.614174,1,1,1
hold,30.067854,883,234,101,457,782,-223,813.174643,1,1,1
hold,30.067863,883,234,62,457,821,-223,850.746731,1,1,1
hold,30.067871,883,176,62,515,821,-339,888.235329,1,1,1
hold,30.067878,883,176,18,515,865,-339,929.056511,1,1,1
hold,30.067885,883,221,18,470,865,-249,900.125547,1,1,1
hold,30.067892,883,221,0,470,883,-249,917.436646,1,1,1
hold,30.067903,883,221,0,470,883,-249,917.436646,1,1,1
hold,30.067911,883,260,0,431,883,-171,899.405359,1,1,1
hold,30.067918,883,260,0,431,883,-171,899.405359,1,1,1
hold,30.067926,883,260,0,431,883,-171,899.405359,1,1,1
hold,30.067933,883,306,0,385,883,-79,886.526931,1,1,1
hold,30.067941,883,306,0,385,883,-79,886.526931,1,1,1
hold,30.067948,883,306,0,385,883,-79,886.526931,1,1,1
hold,30.067955,883,346,0,345,883,1,883.000566,1,1,1
hold,30.067963,883,346,0,345,883,1,883.000566,1,1,1
hold,30.067970,883,346,0,345,883,1,883.000566,1,1,1
hold,30.067977,883,381,0,290,883,91,887.676743,1,1,1
hold,30.067987,883,381,0,290,883,91,887.676743,1,1,1
hold,30.067994,883,381,0,290,883,91,887.676743,1,1,1
hold,30.068002,883,413,0,223,883,190,903.210385,1,1,1
hold,30.068009,883,413,0,223,883,190,903.210385,1,1,1
hold,30.068016,883,442,0,161,883,281,926.633692,1,1,1
hold,30.068024,883,442,0,161,883,281,926.633692,1,1,1
hold,30.068032,883,442,0,161,883,281,926.633692,1,1,1
hold,30.068039,883,464,0,106,883,358,952.813203,1,1,1
hold,30.068046,883,464,0,106,883,358,952.813203,1,1,1
hold,30.068053,883,464,0,106,883,358,952.813203,1,1,1
hold,30.068061,883,493,0,38,883,455,993.334787,1,1,1
hold,30.068069,883,493,0,38,883,455,993.334787,1,1,1
hold,30.068076,883,493,0,38,883,455,993.334787,1,1,1
hold,30.068083,883,524,0,30,883,494,1011.792963,1,1,1
hold,30.068090,883,524,0,30,883,494,1011.792963,1,1,1
hold,30.068098,883,524,0,51,883,473,1001.707542,1,1,1
hold,30.068105,883,548,0,75,883,473,1001.707542,1,1,1
hold,30.068112,883,548,0,95,883,453,992.420274,1,1,1
hold,30.068119,883,548,0,95,883,453,992.420274,1,1,1
hold,30.068127,883,585,0,132,883,453,992.420274,0,1,1
hold,30.068134,883,585,0,157,883,428,981.260924,1,1,1
hold,30.068147,883,585,0,157,883,428,981.260924,1,1,1
hold,30.068154,880,626,3,234,877,392,960.621153,1,1,1
hold,30.068161,880,626,3,234,877,392,960.621153,1,1,1
hold,30.068169,880,626,3,234,877,392,960.621153,1,1,1
hold,30.068176,857,670,26,300,831,370,909.648833,1,1,1
hold,30.068184,857,670,26,300,831,370,909.648833,1,1,1
hold,30.068191,857,670,26,317,831,353,902.867654,1,1,1
hold,30.068202,833,691,50,338,783,353,858.893474,1,1,1
hold,30.068209,833,691,50,360,783,331,850.088231,1,1,1
hold,30.068217,833,691,50,360,783,331,850.088231,1,1,1
hold,30.068224,808,691,75,385,733,306,794.307875,1,1,1
hold,30.068232,808,691,75,385,733,306,794.307875,1,1,1
hold,30.068239,808,691,75,385,733,306,794.307875,1,1,1
hold,30.068246,783,691,100,399,683,292,742.800781,1,1,1
hold,30.068253,783,691,100,399,683,292,742.800781,1,1,1
hold,30.068260,760,691,123,419,637,272,692.642043,1,1,1
hold,30.068267,760,691,123,419,637,272,692.642043,1,1,1
hold,30.068275,743,691,140,431,603,260,656.665059,1,1,1
hold,30.068282,743,691,140,431,603,260,656.665059,1,1,1
hold,30.068289,743,691,140,431,603,260,656.665059,1,1,1
hold,30.068297,728,691,155,445,573,246,623.574374,1,1,1
hold,30.068304,728,691,155,445,573,246,623.574374,1,1,1
hold,30.068311,728,691,155,445,573,246,623.574374,1,1,1
hold,30.068319,714,691,169,458,545,233,592.717471,1,1,1
hold,30.068326,714,691,169,458,545,233,592.717471,1,1,1
hold,30.068333,703,691,180,458,523,233,572.553928,1,1,1
hold,30.068341,703,691,180,470,523,221,567.776364,1,1,1
hold,30.068348,703,691,180,470,523,221,567.776364,1,1,1
hold,30.068355,693,691,190,482,503,209,544.692574,1,1,1
hold,30.068363,693,691,190,482,503,209,544.692574,1,1,1
hold,30.068370,693,691,190,482,503,209,544.692574,1,1,1
hold,30.068377,686,691,132,497,554,194,586.985519,1,1,1
hold,30.068384,686,691,132,497,554,194,586.985519,1,1,1
hold,30.068391,686,691,78,506,608,185,635.522620,1,1,1
hold,30.068399,686,691,78,506,608,185,635.522620,1,1,1
hold,30.068406,681,691,12,518,669,173,691.006512,1,1,1
hold,30.068413,681,691,12,518,669,173,691.006512,0,1,1
hold,30.068420,681,691,54,531,627,160,647.092729,1,1,1
hold,30.068427,681,691,54,531,627,160,647.092729,1,1,1
hold,30.068434,682,691,115,545,567,146,585.495517,1,1,1
hold,30.068448,682,691,157,556,525,135,542.079330,1,1,1
hold,30.068455,682,691,157,556,525,135,542.079330,1,1,1
hold,30.068462,682,691,208,572,474,119,488.709525,1,1,1
hold,30.068470,689,691,215,572,474,119,488.709525,1,1,1
hold,30.068478,689,691,264,587,425,104,437.539712,1,1,1
hold,30.068486,689,691,264,587,425,104,437.539712,1,1,1
hold,30.068493,689,691,300,599,389,92,399.731160,1,1,1
hold,30.068500,708,691,356,611,352,80,360.976454,1,1,1
hold,30.068507,708,691,356,611,352,80,360.976454,1,1,1
hold,30.068514,708,691,394,623,314,68,321.278695,1,1,1
hold,30.068521,708,691,394,623,314,68,321.278695,1,1,1
hold,30.068529,731,691,472,638,259,53,264.367169,1,1,1
hold,30.068536,731,691,472,638,259,53,264.367169,1,1,1
hold,30.068544,731,691,532,652,199,39,202.785601,1,1,1
hold,30.068552,731,691,532,652,199,39,202.785601,1,1,1
hold,30.068559,768,691,636,663,132,28,134.937022,1,1,1
hold,30.068566,768,691,636,663,132,28,134.937022,1,1,1
hold,30.068573,768,691,713,663,55,28,61.717096,1,1,1
hold,30.068581,768,691,713,663,55,28,61.717096,1,1,1
hold,30.068588,812,691,784,663,28,28,39.597980,1,1,1
hold,30.068595,812,691,737,663,75,28,80.056230,1,1,1
hold,30.068602,812,691,737,663,75,28,80.056230,1,1,1
hold,30.068613,812,691,680,663,132,28,134.937022,1,1,1
hold,30.068620,855,691,723,663,132,28,134.937022,1,1,1
hold,30.068628,855,691,640,648,215,43,219.257839,1,1,1
hold,30.068635,855,691,640,648,215,43,219.257839,1,1,1
hold,30.068643,855,691,582,634,273,57,278.887074,1,1,1
hold,30.068650,883,691,610,634,273,57,278.887074,1,1,1
hold,30.068657,883,691,507,603,376,88,386.160588,1,1,1
hold,30.068665,883,691,507,603,376,88,386.160588,1,1,1
hold,30.068672,883,691,470,591,413,100,424.934113,1,1,1
hold,30.068679,883,691,470,591,413,100,424.934113,1,1,1
hold,30.068686,883,691,434,579,449,112,462.758036,1,1,1
hold,30.068693,883,691,397,568,486,123,501.323249,1,1,1
hold,30.068700,883,691,397,568,486,123,501.323249,1,1,1
hold,30.068708,883,691,344,553,539,138,556.385658,1,1,1
hold,30.068716,883,691,302,542,581,149,599.801634,1,1,1
hold,30.068723,883,691,302,542,581,149,599.801634,1,1,1
hold,30.068732,883,691,256,531,627,160,647.092729,1,1,1
hold,30.068739,883,680,256,520,627,160,647.092729,1,1,1
hold,30.068751,883,680,190,507,693,173,714.267457,1,1,1
hold,30.068759,883,680,190,507,693,173,714.267457,1,1,1
hold,30.068767,883,680,137,498,746,182,767.880199,1,1,1
hold,30.068775,883,636,137,454,746,182,767.880199,1,1,1
hold,30.068782,883,636,83,445,800,191,822.484650,1,1,1
hold,30.068790,883,636,28,436,855,200,878.080292,1,1,1
hold,30.068797,883,636,28,436,855,200,878.080292,1,1,1
hold,30.068804,883,594,0,379,883,215,908.798107,1,1,1
hold,30.068811,883,594,0,379,883,215,908.798107,1,1,1
hold,30.068819,883,594,0,367,883,227,911.711577,1,1,1
hold,30.068826,883,546,0,319,883,227,911.711577,1,1,1
hold,30.068833,883,546,0,319,883,227,911.711577,1,1,1
hold,30.068848,883,546,0,313,883,233,913.223959,1,1,1
hold,30.068855,883,523,0,290,883,233,913.223959,1,1,1
hold,30.068863,883,523,0,277,883,246,916.626969,1,1,1
hold,30.068870,883,523,0,277,883,246,916.626969,1,1,1
hold,30.068877,883,501,0,241,883,260,920.483025,1,1,1
hold,30.068885,883,501,0,241,883,260,920.483025,1,1,1
hold,30.068892,883,473,0,213,883,260,920.483025,1,1,1
hold,30.068899,883,473,0,198,883,275,924.831877,1,1,1
hold,30.068907,883,473,0,198,883,275,924.831877,1,1,1
hold,30.068914,883,453,0,178,883,275,924.831877,1,1,1
hold,30.068922,883,453,0,165,883,288,928.780383,1,1,1
hold,30.068929,883,453,0,165,883,288,928.780383,1,1,1
hold,30.068936,883,434,0,133,883,301,932.893349,1,1,1
hold,30.068943,883,434,0,133,883,301,932.893349,1,1,1
hold,30.068950,883,416,0,96,883,320,939.195933,1,1,1
hold,30.068957,883,416,0,96,883,320,939.195933,1,1,1
hold,30.068964,883,416,0,96,883,320,939.195933,1,1,1
hold,30.068972,883,398,0,62,883,336,944.767167,1,1,1
hold,30.068979,883,398,0,62,883,336,944.767167,1,1,1
hold,30.068989,883,398,0,45,883,353,950.945845,1,1,1
hold,30.068996,883,381,0,28,883,353,950.945845,1,1,1
hold,30.069004,883,381,0,11,883,370,957.386547,1,1,1
hold,30.069010,883,381,0,11,883,370,957.386547,1,1,1
hold,30.069017,883,359,0,28,883,331,943.000530,1,1,1
hold,30.069028,883,359,0,28,883,331,943.000530,1,1,1
hold,30.069035,883,359,0,45,883,314,937.168608,1,1,1
hold,30.069042,883,342,0,62,883,280,926.330934,1,1,1
hold,30.069049,883,342,0,86,883,256,919.361191,1,1,1
hold,30.069075,883,342,0,86,883,256,919.361191,1,1,1
hold,30.069083,883,320,0,133,883,187,902.584068,1,1,1
hold,30.069091,883,320,0,133,883,187,902.584068,1,1,1
hold,30.069098,883,320,0,133,883,187,902.584068,1,1,1
hold,30.069105,883,301,0,172,883,129,892.373240,1,1,1
hold,30.069113,883,301,0,172,883,129,892.373240,1,1,1
hold,30.069120,883,301,0,172,883,129,892.373240,1,1,1
hold,30.069127,883,288,0,213,883,75,886.179440,1,1,1
hold,30.069134,883,288,0,213,883,75,886.179440,1,1,1
hold,30.069141,883,272,0,259,883,13,883.095691,1,1,1
hold,30.069149,883,272,0,259,883,13,883.095691,1,1,1
hold,30.069156,883,272,0,290,883,-18,883.183446,1,1,1
hold,30.069163,883,260,0,302,883,-42,883.998303,1,1,1
hold,30.069171,883,260,0,334,883,-74,886.095367,1,1,1
hold,30.069179,883,260,0,334,883,-74,886.095367,1,1,1
hold,30.069186,883,246,0,373,883,-127,892.086319,1,1,1
hold,30.069193,883,246,0,373,883,-127,892.086319,1,1,1
hold,30.069201,883,233,0,412,883,-179,900.960598,1,1,1
hold,30.069210,883,233,0,412,883,-179,900.960598,1,1,1
hold,30.069217,883,233,0,438,883,-205,906.484418,1,1,1
hold,30.069225,883,224,0,447,883,-223,910.723888,1,1,1
hold,30.069232,883,224,0,447,883,-223,910.723888,1,1,1
hold,30.069239,883,224,0,447,883,-223,910.723888,1,1,1
hold,30.069247,883,215,0,476,883,-261,920.765985,0,1,1
hold,30.069255,883,215,0,476,883,-261,920.765985,1,1,1
hold,30.069262,883,215,0,476,883,-261,920.765985,1,1,1
hold,30.069269,883,206,0,485,883,-279,926.029157,1,1,1
hold,30.069276,883,206,0,485,883,-279,926.029157,1,1,1
hold,30.069284,883,206,0,485,883,-279,926.029157,1,1,1
hold,30.069291,818,194,65,497,753,-303,811.676044,1,1,1
hold,30.069298,818,194,65,497,753,-303,811.676044,1,1,1
hold,30.069305,818,194,65,497,753,-303,811.676044,1,1,1
hold,30.069313,746,182,137,509,609,-327,691.238020,1,1,1
hold,30.069320,746,182,137,509,609,-327,691.238020,1,1,1
hold,30.069328,746,182,137,509,609,-327,691.238020,1,1,1
hold,30.069336,676,170,179,521,497,-351,608.448847,1,1,1
hold,30.069343,676,170,179,521,497,-351,608.448847,1,1,1
hold,30.069351,676,170,179,521,497,-351,608.448847,1,1,1
hold,30.069359,612,156,200,535,412,-379,559.808003,1,1,1
hold,30.069366,612,156,200,535,412,-379,559.808003,1,1,1
hold,30.069380,612,156,200,535,412,-379,559.808003,1,1,1
hold,30.069387,567,146,201,545,366,-399,541.439747,1,1,1
hold,30.069394,567,146,201,545,366,-399,541.439747,1,1,1
hold,30.069401,567,146,201,545,366,-399,541.439747,1,1,1
hold,30.069410,512,131,225,560,287,-429,516.149203,1,1,1
hold,30.069418,512,131,225,560,287,-429,516.149203,1,1,1
hold,30.069425,512,131,225,560,287,-429,516.149203,1,1,1
hold,30.069433,461,115,276,576,185,-461,496.735342,1,1,1
hold,30.069441,461,115,247,576,214,-461,508.248955,1,1,1
hold,30.069450,461,115,247,576,214,-461,508.248955,1,1,1
hold,30.069457,413,100,295,591,118,-491,504.980198,1,1,1
hold,30.069464,413,100,278,591,135,-491,509.220974,1,1,1
hold,30.069471,413,100,278,591,135,-491,509.220974,1,1,1
hold,30.069479,376,88,315,603,61,-515,518.600039,1,1,1
hold,30.069486,376,88,315,603,61,-515,518.600039,1,1,1
hold,30.069494,376,88,306,603,70,-515,519.735510,1,1,1
hold,30.069502,326,72,356,619,-30,-547,547.822051,1,1,1
hold,30.069514,326,72,356,619,-30,-547,547.822051,1,1,1
hold,30.069522,326,72,355,619,-29,-547,547.768199,1,1,1
hold,30.069529,287,61,394,630,-107,-569,578.973229,1,1,1
hold,30.069538,287,61,394,630,-107,-569,578.973229,1,1,1
hold,30.069545,287,61,403,630,-116,-569,580.703883,1,1,1
hold,30.069555,230,46,476,645,-246,-599,647.546909,1,1,1
hold,30.069562,230,46,476,645,-246,-599,647.546909,1,1,1
hold,30.069571,230,46,476,645,-246,-599,647.546909,1,1,1
hold,30.069579,167,33,547,658,-380,-625,731.454031,1,1,1
hold,30.069587,167,33,547,658,-380,-625,731.454031,1,1,1
hold,30.069604,167,33,561,658,-394,-625,738.824066,1,1,1
hold,30.069611,95,28,633,663,-538,-635,832.267385,1,1,1
hold,30.069618,95,28,648,663,-553,-635,842.041567,1,1,1
hold,30.069626,95,28,648,663,-553,-635,842.041567,1,1,1
hold,30.069633,34,28,709,663,-675,-635,926.741604,1,1,1
hold,30.069640,34,28,726,663,-692,-635,939.195933,1,1,1
hold,30.069647,34,28,726,663,-692,-635,939.195933,1,1,1
hold,30.069654,34,28,726,663,-692,-635,939.195933,1,1,1
hold,30.069662,34,28,749,663,-715,-635,956.268791,1,1,1
hold,30.069678,34,28,749,663,-715,-635,956.268791,1,1,1
hold,30.069686,95,28,713,663,-618,-635,886.086339,1,1,1
hold,30.069693,95,28,713,663,-618,-635,886.086339,1,1,1
hold,30.069700,150,29,658,662,-508,-633,811.636002,1,1,1
hold,30.069721,150,29,683,662,-533,-633,827.513142,1,1,1
hold,30.069729,150,29,683,662,-533,-633,827.513142,1,1,1
hold,30.069736,199,39,658,631,-459,-592,749.096122,1,1,1
hold,30.069743,199,39,658,631,-459,-592,749.096122,1,1,1
hold,30.069750,199,39,681,587,-482,-548,729.813675,1,1,1
hold,30.069758,199,39,681,587,-482,-548,729.813675,1,1,1
hold,30.069766,245,50,638,535,-393,-485,624.238736,1,1,1
hold,30.069775,245,50,638,535,-393,-485,624.238736,1,1,1
hold,30.069782,245,50,638,535,-393,-485,624.238736,1,1,1
hold,30.069792,326,72,557,485,-231,-413,473.212426,1,1,1
hold,30.069800,326,72,557,485,-231,-413,473.212426,1,1,1
hold,30.069809,326,72,557,452,-231,-380,444.703272,1,1,1
hold,30.069816,376,88,507,436,-131,-348,371.840019,1,1,1
hold,30.069823,376,88,507,405,-131,-317,343.001458,1,1,1
hold,30.069831,376,88,507,405,-131,-317,343.001458,1,1,1
hold,30.069838,425,104,458,360,-33,-256,258.118190,1,1,1
hold,30.069845,425,104,458,360,-33,-256,258.118190,1,1,1
hold,30.069853,425,104,458,360,-33,-256,258.118190,1,1,1
hold,30.069860,474,119,409,316,65,-197,207.446379,1,1,1
hold,30.069867,474,119,409,316,65,-197,207.446379,1,1,1
hold,30.069875,525,135,358,278,167,-143,219.859046,1,1,1
hold,30.069882,525,135,358,278,167,-143,219.859046,1,1,1
hold,30.069890,525,135,358,278,167,-143,219.859046,1,1,1
hold,30.069898,567,146,316,243,251,-97,269.091063,1,1,1
hold,30.069905,567,146,316,243,251,-97,269.091063,1,1,1
hold,30.069912,567,146,316,243,251,-97,269.091063,1,1,1
hold,30.069921,612,156,271,199,341,-43,343.700451,1,1,1
hold,30.069929,612,156,271,199,341,-43,343.700451,1,1,1
hold,30.069936,612,156,271,161,341,-5,341.036655,1,1,1
hold,30.069944,660,166,223,151,437,15,437.257361,1,1,1
hold,30.069951,660,166,223,106,437,60,441.099762,1,1,1
hold,30.069960,660,166,223,106,437,60,441.099762,1,1,1
hold,30.069967,728,179,155,55,573,124,586.263593,1,1,1
hold,30.069976,728,179,155,55,573,124,586.263593,1,1,1
hold,30.069983,800,191,83,15,717,176,738.285175,0,1,1
hold,30.069990,800,191,83,15,717,176,738.285175,1,1,1
hold,30.069997,800,191,83,30,717,161,734.853727,1,0,1
hold,30.070005,855,200,28,21,827,179,846.150105,1,0,1
hold,30.070013,855,200,28,21,827,179,846.150105,1,0,1
hold,30.070020,855,200,28,60,827,140,838.766356,1,1,1
hold,30.070032,883,209,0,51,883,158,897.024526,1,1,1
hold,30.070039,883,209,0,86,883,123,891.525659,1,1,1
hold,30.070048,883,209,0,86,883,123,891.525659,1,1,1
hold,30.070056,883,218,0,118,883,100,888.644473,1,1,1
hold,30.070063,883,218,0,118,883,100,888.644473,1,1,1
hold,30.070071,883,218,0,118,883,100,888.644473,1,1,1
hold,30.070086,883,230,0,134,883,96,888.203243,1,1,1
hold,30.070094,883,230,0,134,883,96,888.203243,1,1,1
hold,30.070102,883,243,0,154,883,89,887.473943,1,1,1
hold,30.070109,883,243,0,154,883,89,887.473943,1,1,1
hold,30.070116,883,243,0,185,883,58,884.902820,1,1,1
hold,30.070124,883,253,0,175,883,78,886.438379,1,1,1
hold,30.070131,883,253,0,197,883,56,884.773982,1,1,1
hold,30.070138,883,253,0,197,883,56,884.773982,1,1,1
hold,30.070146,883,264,0,207,883,57,884.837838,1,1,1
hold,30.070153,883,264,0,207,883,57,884.837838,1,1,1
hold,30.070160,883,264,0,207,883,57,884.837838,1,1,1
hold,30.070169,883,279,0,221,883,58,884.902820,1,1,1
hold,30.070177,883,279,0,221,883,58,884.902820,1,1,1
hold,30.070184,883,279,0,221,883,58,884.902820,1,1,1
hold,30.070192,883,297,0,235,883,62,885.173994,1,1,1
hold,30.070199,883,297,0,235,883,62,885.173994,1,1,1
hold,30.070219,883,297,0,235,883,62,885.173994,1,1,1
hold,30.070226,883,311,0,255,883,56,884.773982,1,1,1
hold,30.070235,883,311,0,255,883,56,884.773982,1,1,1
hold,30.070242,883,311,0,255,883,56,884.773982,1,1,1
hold,30.070249,883,326,0,279,883,47,884.249965,1,1,1
hold,30.070258,883,326,0,279,883,47,884.249965,1,1,1
hold,30.070267,883,326,14,322,869,4,869.009206,1,1,1
hold,30.070274,883,342,14,306,869,36,869.745365,1,1,1
hold,30.070281,883,342,14,306,869,36,869.745365,1,1,1
hold,30.070288,883,342,32,340,851,2,851.002350,1,1,1
hold,30.070297,883,342,63,349,820,-7,820.029878,1,1,1
hold,30.070305,883,364,63,327,820,37,820.834332,1,1,1
hold,30.070312,883,364,63,327,820,37,820.834332,1,1,1
hold,30.070319,883,364,81,327,802,37,802.853038,1,1,1
hold,30.070326,883,392,100,299,783,93,788.503646,1,1,1
hold,30.070333,883,392,100,299,783,93,788.503646,1,1,1
hold,30.070342,883,392,100,299,783,93,788.503646,1,1,1
hold,30.070350,883,410,117,281,766,129,776.786328,1,1,1
hold,30.070371,883,410,117,281,766,129,776.786328,1,1,1
hold,30.070378,883,410,140,281,743,129,754.115376,1,1,1
hold,30.070385,883,434,140,257,743,177,763.791856,1,1,1
hold,30.070393,883,434,160,257,723,177,744.350724,1,1,1
hold,30.070400,883,434,160,257,723,177,744.350724,1,1,1
hold,30.070407,883,460,173,231,710,229,746.016756,1,1,1
hold,30.070415,883,460,173,231,710,229,746.016756,1,1,1
hold,30.070422,883,487,173,204,710,283,764.322576,1,1,1
hold,30.070431,883,487,187,204,696,283,751.335478,1,1,1
hold,30.070439,883,487,187,204,696,283,751.335478,1,1,1
hold,30.070448,883,508,197,183,686,325,759.092221,1,1,1
hold,30.070457,883,508,197,183,686,325,759.092221,1,1,1
hold,30.070464,883,531,202,160,681,371,775.501128,1,1,1
hold,30.070471,883,531,202,160,681,371,775.501128,1,1,1
hold,30.070479,883,531,202,160,681,371,775.501128,1,1,1
hold,30.070486,883,554,203,137,680,417,797.677253,1,1,1
hold,30.070495,883,554,203,137,680,417,797.677253,1,1,1
hold,30.070502,883,554,199,137,684,417,801.089883,1,1,1
hold,30.070510,883,578,199,113,684,465,827.091893,1,1,1
hold,30.070517,883,578,199,113,684,465,827.091893,1,1,1
hold,30.070526,883,578,196,113,687,465,829.574590,1,1,1
hold,30.070534,883,603,196,88,687,515,858.600023,1,1,1
hold,30.070543,883,603,189,88,694,515,864.211201,1,1,1
hold,30.070550,883,603,189,88,694,515,864.211201,1,1,1
hold,30.070558,883,628,189,63,694,565,894.908375,1,1,1
hold,30.070567,883,628,179,63,704,565,902.685438,1,0,1
hold,30.070575,883,628,179,63,704,565,902.685438,1,1,1
hold,30.070582,883,662,162,29,721,633,959.442546,1,1,1
hold,30.070589,883,662,162,29,721,633,959.442546,1,1,1
hold,30.070596,883,688,146,3,737,685,1006.177917,1,1,1
hold,30.070603,883,688,146,3,737,685,1006.177917,1,1,1
hold,30.070611,883,688,122,3,761,685,1023.887689,1,1,1
hold,30.070619,883,691,122,0,761,691,1027.911475,1,1,1
hold,30.070626,883,691,101,0,782,691,1043.554024,1,1,1
hold,30.070633,883,691,101,0,782,691,1043.554024,1,1,1
hold,30.070640,883,691,71,0,812,691,1066.219959,1,1,1
hold,30.070649,883,691,71,0,812,691,1066.219959,1,1,1
hold,30.070656,883,691,71,0,812,691,1066.219959,1,1,1
hold,30.070664,883,691,45,0,838,691,1086.151463,1,1,1
hold,30.070671,883,691,45,0,838,691,1086.151463,1,1,1
hold,30.070688,883,691,45,0,838,691,1086.151463,1,1,1
hold,30.070695,883,691,9,0,874,691,1114.162017,1,1,1
hold,30.070704,883,691,9,0,874,691,1114.162017,1,1,1
hold,30.070713,883,691,9,0,874,691,1114.162017,1,1,1
hold,30.070720,883,691,0,0,883,691,1121.235925,1,1,1
hold,30.070727,883,691,0,0,883,691,1121.235925,0,1,1
hold,30.070734,883,691,0,0,883,691,1121.235925,1,1,1
hold,30.070744,883,691,0,0,883,691,1121.235925,1,1,1
hold,30.070754,883,691,0,0,883,691,1121.235925,1,1,1
hold,30.070775,883,691,0,0,883,691,1121.235925,1,1,1
hold,30.070783,883,691,0,0,883,691,1121.235925,1,1,1
hold,30.070791,846,691,37,0,809,691,1063.937028,1,1,1
hold,30.070799,846,691,37,0,809,691,1063.937028,1,1,1
hold,30.070807,846,691,37,0,809,691,1063.937028,1,1,1
hold,30.070816,821,691,62,0,759,691,1026.431683,1,1,1
hold,30.070824,821,691,62,0,759,691,1026.431683,1,1,1
hold,30.070832,821,691,62,0,759,691,1026.431683,1,1,1
hold,30.070840,789,691,94,3,695,688,977.941205,1,1,1
hold,30.070849,789,691,94,3,695,688,977.941205,1,1,1
hold,30.070858,789,691,94,37,695,654,954.327512,1,1,1
hold,30.070873,761,691,122,37,639,654,914.350589,1,1,1
hold,30.070880,761,691,122,63,639,628,895.938056,1,1,1
hold,30.070887,761,691,122,63,639,628,895.938056,1,1,1
hold,30.070894,737,691,146,97,591,594,837.924221,1,1,1
hold,30.070904,737,691,146,97,591,594,837.924221,1,1,1
hold,30.070912,737,691,146,97,591,594,837.924221,1,1,1
hold,30.070919,717,691,166,129,551,562,787.048283,1,1,1
hold,30.070938,717,691,166,129,551,562,787.048283,1,1,1
hold,30.070945,717,691,166,129,551,562,787.048283,1,1,1
hold,30.070952,717,691,166,160,551,531,765.220230,1,1,1
hold,30.070960,700,691,183,160,517,531,741.114026,1,1,1
hold,30.070967,700,691,183,190,517,501,719.923607,1,1,1
hold,30.070974,700,691,183,190,517,501,719.923607,1,1,1
hold,30.070982,689,691,194,211,495,480,689.510696,1,1,1
hold,30.070991,689,691,194,211,495,480,689.510696,1,1,1
hold,30.070998,689,691,194,211,495,480,689.510696,1,1,1
hold,30.071005,684,691,199,238,485,453,663.652017,1,1,1
hold,30.071012,684,691,199,238,485,453,663.652017,1,1,1
hold,30.071020,684,691,199,238,485,453,663.652017,1,1,1
hold,30.071027,684,691,199,257,485,434,650.831007,1,1,1
hold,30.071048,680,691,203,257,477,434,644.891464,1,1,1
hold,30.071056,680,691,203,257,477,434,644.891464,1,1,1
hold,30.071063,680,691,203,275,477,416,632.917846,1,1,1
hold,30.071070,682,691,201,275,481,416,635.937890,1,1,1
hold,30.071079,682,691,201,299,481,392,620.503828,1,1,1
hold,30.071088,682,691,201,299,481,392,620.503828,1,1,1
hold,30.071095,688,691,195,315,493,376,620.020161,1,1,1
hold,30.071102,688,691,195,315,493,376,620.020161,1,1,1
hold,30.071110,688,691,195,315,493,376,620.020161,1,1,1
hold,30.071118,699,691,184,327,515,364,630.651251,1,1,1
hold,30.071125,699,691,184,327,515,364,630.651251,1,1,1
hold,30.071132,699,691,184,349,515,342,618.214364,1,1,1
hold,30.071139,714,691,169,349,545,342,643.419770,1,1,1
hold,30.071146,714,691,169,371,545,320,632.000791,1,1,1
hold,30.071153,714,691,169,371,545,320,632.000791,1,1,1
hold,30.071170,733,691,150,385,583,306,658.426154,1,1,1
hold,30.071186,733,691,150,385,583,306,658.426154,1,1,1
hold,30.071193,733,691,150,403,583,288,650.256103,1,1,1
hold,30.071200,754,691,129,403,625,288,688.163498,1,1,1
hold,30.071207,754,691,129,416,625,275,682.825014,1,1,1
hold,30.071216,754,691,129,416,625,275,682.825014,1,1,1
hold,30.071223,777,691,106,416,671,275,725.166188,1,1,1
hold,30.071230,777,691,106,427,671,264,721.066571,1,1,1
hold,30.071237,777,691,106,427,671,264,721.066571,1,1,1
hold,30.071244,802,691,81,438,721,253,764.100779,1,1,1
hold,30.071251,802,691,81,438,721,253,764.100779,1,1,1
hold,30.071260,820,691,63,438,757,253,798.159132,1,1,1
hold,30.071268,820,691,63,448,757,243,795.045911,1,1,1
hold,30.071275,820,691,63,448,757,243,795.045911,1,1,1
hold,30.071283,839,691,44,461,795,230,827.601957,1,1,1
hold,30.071290,839,691,44,461,795,230,827.601957,1,1,1
hold,30.071298,863,659,20,441,843,218,870.731302,1,1,1
hold,30.071305,863,659,20,441,843,218,870.731302,1,1,1
hold,30.071312,880,626,3,408,877,218,903.688553,1,1,1
hold,30.071320,880,626,3,420,877,206,900.869025,1,1,1
hold,30.071327,880,626,3,420,877,206,900.869025,1,1,1
hold,30.071335,883,595,65,401,818,194,840.690193,1,1,1
hold,30.071343,883,595,119,410,764,185,786.079513,1,1,1
hold,30.071351,883,595,119,410,764,185,786.079513,1,1,1
hold,30.071358,883,595,172,419,711,176,732.459555,1,1,1
hold,30.071368,883,566,172,390,711,176,732.459555,1,1,1
hold,30.071376,883,566,223,400,660,166,680.555655,1,1,1
hold,30.071383,883,566,271,410,612,156,631.569474,1,1,1
hold,30.071391,883,566,271,410,612,156,631.569474,1,1,1
hold,30.071398,883,516,330,374,553,142,570.940452,1,1,1
hold,30.071405,883,516,384,389,499,127,514.907759,1,1,1
hold,30.071413,883,516,384,389,499,127,514.907759,1,1,1
hold,30.071421,883,516,434,404,449,112,462.758036,1,1,1
hold,30.071428,883,471,434,359,449,112,462.758036,1,1,1
hold,30.071435,883,471,507,383,376,88,386.160588,1,1,1
hold,30.071442,883,471,507,383,376,88,386.160588,1,1,1
hold,30.071450,883,471,507,383,376,88,386.160588,1,1,1
hold,30.071457,883,428,583,364,300,64,306.750713,1,1,1
hold,30.071464,883,428,583,364,300,64,306.750713,1,1,1
hold,30.071471,883,428,653,382,230,46,234.554898,1,1,1
hold,30.071479,883,381,653,335,230,46,234.554898,1,1,1
hold,30.071486,883,381,751,353,132,28,134.937022,1,1,1
hold,30.071493,883,381,751,353,132,28,134.937022,1,1,1
hold,30.071501,883,381,849,353,34,28,44.045431,1,1,1
hold,30.071508,883,336,849,308,34,28,44.045431,1,1,1
hold,30.071516,883,336,849,308,34,28,44.045431,1,1,1
hold,30.071524,883,336,808,308,75,28,80.056230,1,1,1
hold,30.071959,883,336,808,308,75,28,80.056230,1,1,1
hold,30.071983,883,284,716,251,167,33,170.229257,1,1,1
hold,30.071992,883,284,716,251,167,33,170.229257,1,1,1
hold,30.072000,883,284,624,231,259,53,264.367169,1,1,1
hold,30.072008,883,284,624,231,259,53,264.367169,1,1,1
hold,30.072016,883,206,544,130,339,76,347.414738,1,1,1
hold,30.072023,883,206,544,130,339,76,347.414738,1,1,1
hold,30.072031,883,206,470,106,413,100,424.934113,1,1,1
hold,30.072038,883,206,470,106,413,100,424.934113,1,1,1
hold,30.072046,883,221,397,98,486,123,501.323249,1,1,1
hold,30.072060,883,221,397,98,486,123,501.323249,1,1,1
hold,30.072068,883,221,397,98,486,123,501.323249,1,1,1
hold,30.072077,883,221,330,79,553,142,570.940452,1,1,1
hold,30.072087,883,295,240,132,643,163,663.338526,1,1,1
hold,30.072096,883,295,240,132,643,163,663.338526,1,1,1
hold,30.072104,883,295,190,122,693,173,714.267457,1,1,1
hold,30.072112,883,295,190,122,693,173,714.267457,1,1,1
hold,30.072119,883,346,137,164,746,182,767.880199,1,1,1
hold,30.072131,883,346,65,152,818,194,840.690193,1,1,1
hold,30.072138,883,346,65,152,818,194,840.690193,1,1,1
hold,30.072145,883,346,9,143,874,203,897.265290,1,1,1
hold,30.072153,883,397,9,194,874,203,897.265290,1,1,1
hold,30.072161,883,397,0,182,883,215,908.798107,1,1,1
hold,30.072168,883,397,0,182,883,215,908.798107,1,1,1
hold,30.072175,883,442,0,227,883,215,908.798107,1,1,1
hold,30.072182,883,442,0,215,883,227,911.711577,1,1,1
hold,30.072190,883,442,0,215,883,227,911.711577,1,1,1
hold,30.072197,883,464,0,224,883,240,915.034972,1,1,1
hold,30.072204,883,464,0,224,883,240,915.034972,1,1,1
hold,30.072212,883,464,0,224,883,240,915.034972,1,1,1
hold,30.072219,883,486,0,233,883,253,918.530348,1,1,1
hold,30.072226,883,486,0,233,883,253,918.530348,1,1,1
hold,30.072234,883,508,0,255,883,253,918.530348,1,1,1
hold,30.072246,883,508,0,244,883,264,921.620855,1,1,1
hold,30.072254,883,508,0,244,883,264,921.620855,1,1,1
hold,30.072261,883,532,0,257,883,275,924.831877,1,1,1
hold,30.072269,883,532,0,257,883,275,924.831877,1,1,1
hold,30.072276,883,532,0,257,883,275,924.831877,1,1,1
hold,30.072283,883,557,0,265,883,292,930.028494,1,1,1
hold,30.072291,883,557,0,265,883,292,930.028494,1,1,1
hold,30.072298,883,557,0,246,883,311,936.167720,0,1,1
hold,30.072305,883,595,0,284,883,311,936.167720,1,1,1
hold,30.072313,883,595,0,264,883,331,943.000530,1,1,1
hold,30.072321,883,595,0,264,883,331,943.000530,1,1,1
hold,30.072329,875,637,8,284,867,353,936.107900,1,1,1
hold,30.072336,875,637,8,284,867,353,936.107900,1,1,1
hold,30.072343,875,637,8,284,867,353,936.107900,1,1,1
hold,30.072350,851,682,32,312,819,370,898.699616,1,1,1
hold,30.072358,851,682,32,312,819,370,898.699616,1,1,1
hold,30.072365,851,682,32,290,819,392,907.978524,1,1,1
hold,30.072372,827,691,56,275,771,416,876.069061,1,1,1
hold,30.072380,827,691,56,275,771,416,876.069061,1,1,1
hold,30.072387,827,691,56,275,771,416,876.069061,1,1,1
hold,30.072394,802,691,81,257,721,434,841.544414,1,1,1
hold,30.072402,802,691,81,257,721,434,841.544414,1,1,1
hold,30.072409,802,691,81,257,721,434,841.544414,1,1,1
hold,30.072417,777,691,106,231,671,460,813.536109,1,1,1
hold,30.072424,777,691,106,231,671,460,813.536109,1,1,1
hold,30.072435,777,691,106,204,671,487,829.101924,1,1,1
hold,30.072443,754,691,129,204,625,487,792.334525,1,1,1
hold,30.072450,754,691,129,175,625,516,810.481955,1,1,1
hold,30.072457,754,691,129,175,625,516,810.481955,1,1,1
hold,30.072465,733,691,150,153,583,538,793.305112,1,1,1
hold,30.072472,733,691,150,153,583,538,793.305112,1,1,1
hold,30.072479,714,691,169,153,545,538,765.812640,1,1,1
hold,30.072487,714,691,169,121,545,570,788.622216,1,1,1
hold,30.072494,714,691,169,121,545,570,788.622216,1,1,1
hold,30.072501,703,691,180,88,523,603,798.209246,1,1,1
hold,30.072508,703,691,180,88,523,603,798.209246,1,1,1
hold,30.072516,703,691,180,88,523,603,798.209246,1,1,1
hold,30.072523,693,691,190,55,503,636,810.866820,1,1,1
hold,30.072530,693,691,190,55,503,636,810.866820,1,1,1
hold,30.072538,693,691,190,55,503,636,810.866820,1,1,1
hold,30.072545,686,691,197,29,489,662,823.021871,1,1,1
hold,30.072552,686,691,197,29,489,662,823.021871,1,1,1
hold,30.072560,682,691,201,0,481,691,841.927550,1,1,1
hold,30.072567,682,691,201,0,481,691,841.927550,1,1,1
hold,30.072574,682,691,201,0,481,691,841.927550,1,1,1
hold,30.072582,680,691,203,0,477,691,839.648736,1,1,1
hold,30.072589,680,691,203,0,477,691,839.648736,1,1,1
hold,30.072596,680,691,203,0,477,691,839.648736,1,1,1
hold,30.072603,682,691,201,0,481,691,841.927550,1,1,1
hold,30.072611,682,691,201,0,481,691,841.927550,1,1,1
hold,30.072618,682,691,201,0,481,691,841.927550,1,1,1
hold,30.072625,687,691,196,0,491,691,847.680364,1,1,1
hold,30.072632,687,691,687,691,0,0,0.000000,1,1,1
hold,30.072641,687,691,687,691,0,0,0.000000,1,1,1
hold,30.072649,687,691,687,691,0,0,0.000000,1,1,1
hold,30.072656,700,691,700,691,0,0,0.000000,1,1,1
hold,30.072663,700,691,700,691,0,0,0.000000,1,1,1
hold,30.072670,700,691,700,691,0,0,0.000000,1,1,1
hold,30.072677,700,691,700,691,0,0,0.000000,1,1,1
hold,30.072684,721,691,721,691,0,0,0.000000,1,1,1
hold,30.072691,721,691,721,691,0,0,0.000000,1,1,1
hold,30.072698,721,691,721,691,0,0,0.000000,1,1,1
hold,30.072710,721,691,721,691,0,0,0.000000,1,1,1
hold,30.072719,742,691,742,691,0,0,0.000000,1,1,1
hold,30.072727,742,691,742,691,0,0,0.000000,1,1,1
hold,30.072739,742,691,742,691,0,0,0.000000,1,1,1
hold,30.072747,742,691,742,691,0,0,0.000000,1,1,1
hold,30.072756,775,691,775,691,0,0,0.000000,1,1,1
hold,30.072763,775,691,775,691,0,0,0.000000,1,1,1
hold,30.072771,775,691,775,691,0,0,0.000000,1,1,1
hold,30.072778,775,691,775,691,0,0,0.000000,1,1,1
hold,30.072785,821,691,821,691,0,0,0.000000,1,1,1
hold,30.072792,821,691,821,691,0,0,0.000000,1,1,1
hold,30.072799,821,691,821,691,0,0,0.000000,1,1,1
hold,30.072806,821,691,821,691,0,0,0.000000,1,1,1
hold,30.072813,865,691,865,691,0,0,0.000000,1,1,1
hold,30.072821,865,691,865,691,0,0,0.000000,1,1,1
hold,30.072828,865,691,865,691,0,0,0.000000,1,1,1
hold,30.072835,865,691,865,691,0,0,0.000000,1,1,1
hold,30.072842,883,691,883,691,0,0,0.000000,1,1,1
hold,30.072850,883,691,883,691,0,0,0.000000,1,1,1
hold,30.072858,883,691,883,691,0,0,0.000000,1,1,1
hold,30.072866,883,691,883,691,0,0,0.000000,1,1,1
hold,30.072873,883,691,883,691,0,0,0.000000,1,1,1
hold,30.072881,883,691,883,691,0,0,0.000000,1,1,1
hold,30.072890,883,691,883,691,0,0,0.000000,1,1,1
hold,30.072898,883,691,883,691,0,0,0.000000,1,1,1
hold,30.072905,883,691,883,691,0,0,0.000000,1,1,1
hold,30.072912,883,691,883,691,0,0,0.000000,1,1,1
hold,30.072919,883,691,883,691,0,0,0.000000,1,1,1
hold,30.072926,883,691,883,691,0,0,0.000000,1,1,1
hold,30.072933,883,691,883,691,0,0,0.000000,1,1,1
hold,30.072940,883,691,883,691,0,0,0.000000,1,1,1
hold,30.072947,883,691,883,691,0,0,0.000000,1,1,1
hold,30.072953,883,671,883,671,0,0,0.000000,1,1,1
hold,30.072960,883,671,883,671,0,0,0.000000,1,1,1
hold,30.072967,883,671,883,671,0,0,0.000000,1,1,1
hold,30.072975,883,671,883,671,0,0,0.000000,1,1,1
hold,30.072982,883,628,883,628,0,0,0.000000,1,1,1
hold,30.072989,883,628,883,628,0,0,0.000000,1,1,1
hold,30.072996,883,628,883,628,0,0,0.000000,1,1,1
hold,30.073003,883,628,883,628,0,0,0.000000,1,1,1
hold,30.073010,883,586,883,586,0,0,0.000000,1,1,1
hold,30.073017,883,586,883,586,0,0,0.000000,1,1,1
hold,30.073024,883,586,883,586,0,0,0.000000,1,1,1
hold,30.073035,883,586,883,586,0,0,0.000000,1,1,1
hold,30.073042,883,538,883,538,0,0,0.000000,1,1,1
hold,30.073050,883,538,883,538,0,0,0.000000,1,1,1
hold,30.073058,883,538,883,538,0,0,0.000000,1,1,1
hold,30.073067,883,538,883,538,0,0,0.000000,1,1,1
hold,30.073074,883,501,883,501,0,0,0.000000,1,1,1
hold,30.073081,883,501,883,501,0,0,0.000000,1,1,1
hold,30.073088,883,501,883,501,0,0,0.000000,1,1,1
hold,30.073096,883,501,883,501,0,0,0.000000,1,1,1
hold,30.073104,883,460,883,460,0,0,0.000000,1,1,1
hold,30.073112,883,460,883,460,0,0,0.000000,1,1,1
hold,30.073120,883,460,883,460,0,0,0.000000,1,1,1
hold,30.073127,883,460,883,460,0,0,0.000000,1,1,1
hold,30.073133,883,428,883,428,0,0,0.000000,1,1,1
hold,30.073140,883,428,883,428,0,0,0.000000,1,1,1
hold,30.073147,883,428,883,428,0,0,0.000000,1,1,1
hold,30.073155,883,428,883,428,0,0,0.000000,1,1,1
hold,30.073167,883,392,883,392,0,0,0.000000,1,1,1
hold,30.073175,883,392,883,392,0,0,0.000000,1,1,1
hold,30.073182,883,392,883,392,0,0,0.000000,1,1,1
hold,30.073189,883,392,883,392,0,0,0.000000,1,1,1
hold,30.073196,883,364,883,364,0,0,0.000000,1,1,1
hold,30.073203,883,364,883,364,0,0,0.000000,1,1,1
hold,30.073210,883,364,883,364,0,0,0.000000,1,1,1
hold,30.073217,883,364,883,364,0,0,0.000000,1,1,1
hold,30.073224,883,331,883,331,0,0,0.000000,1,1,1
hold,30.073231,883,331,883,331,0,0,0.000000,1,1,1
hold,30.073238,883,331,883,331,0,0,0.000000,1,1,1
hold,30.073245,883,331,883,331,0,0,0.000000,1,1,1
hold,30.073252,883,297,883,297,0,0,0.000000,1,1,1
hold,30.073259,883,297,883,297,0,0,0.000000,1,1,1
hold,30.073266,883,297,883,297,0,0,0.000000,1,1,1
hold,30.073273,883,297,883,297,0,0,0.000000,1,1,1
hold,30.073281,883,275,883,275,0,0,0.000000,1,1,1
hold,30.073288,883,275,883,275,0,0,0.000000,1,1,1
hold,30.073295,883,275,883,275,0,0,0.000000,1,1,1
hold,30.073302,883,275,883,275,0,0,0.000000,1,1,1
hold,30.073309,883,253,883,253,0,0,0.000000,1,1,1
hold,30.073316,883,253,883,253,0,0,0.000000,1,1,1
hold,30.073324,883,253,883,253,0,0,0.000000,1,1,1
hold,30.073335,883,253,883,253,0,0,0.000000,1,1,1
hold,30.073342,883,236,883,236,0,0,0.000000,1,1,1
hold,30.073352,883,236,883,236,0,0,0.000000,1,1,1
hold,30.073359,883,236,883,236,0,0,0.000000,1,1,1
hold,30.073369,883,236,883,236,0,0,0.000000,1,1,1
hold,30.073376,883,218,883,218,0,0,0.000000,1,1,1
hold,30.073383,883,218,883,218,0,0,0.000000,1,1,1
hold,30.073390,883,218,883,218,0,0,0.000000,1,1,1
hold,30.073397,883,218,883,218,0,0,0.000000,1,1,1
hold,30.073404,874,203,874,203,0,0,0.000000,1,1,1
hold,30.073411,874,203,874,203,0,0,0.000000,1,1,1
hold,30.073418,874,203,874,203,0,0,0.000000,1,1,1
hold,30.073424,874,203,874,203,0,0,0.000000,1,1,1
hold,30.073431,764,185,764,185,0,0,0.000000,1,1,1
hold,30.073438,764,185,764,185,0,0,0.000000,1,1,1
hold,30.073445,764,185,764,185,0,0,0.000000,1,1,1
hold,30.073452,764,185,764,185,0,0,0.000000,1,1,1
hold,30.073459,676,170,676,170,0,0,0.000000,1,1,1
hold,30.073466,676,170,676,170,0,0,0.000000,1,1,1
hold,30.073473,676,170,676,170,0,0,0.000000,1,1,1
hold,30.073480,581,149,581,149,0,0,0.000000,1,1,1
hold,30.073487,581,149,581,149,0,0,0.000000,1,1,1
hold,30.073494,581,149,581,149,0,0,0.000000,1,1,1
hold,30.073502,581,149,581,149,0,0,0.000000,1,1,1
hold,30.073510,525,135,525,135,0,0,0.000000,1,1,1
hold,30.073518,525,135,525,135,0,0,0.000000,1,1,1
hold,30.073527,525,135,525,135,0,0,0.000000,1,1,1
hold,30.073535,525,135,525,135,0,0,0.000000,1,1,1
hold,30.073542,461,115,461,115,0,0,0.000000,1,1,1
hold,30.073549,461,115,461,115,0,0,0.000000,1,1,1
hold,30.073556,461,115,461,115,0,0,0.000000,1,1,1
hold,30.073563,461,115,461,115,0,0,0.000000,1,1,1
hold,30.073570,389,92,389,92,0,0,0.000000,1,1,1
hold,30.073577,389,92,389,92,0,0,0.000000,1,1,1
hold,30.073584,389,92,389,92,0,0,0.000000,1,1,1
hold,30.073591,389,92,389,92,0,0,0.000000,1,1,1
hold,30.073598,326,72,326,72,0,0,0.000000,1,1,1
hold,30.073604,326,72,326,72,0,0,0.000000,1,1,1
hold,30.073612,326,72,326,72,0,0,0.000000,1,1,1
hold,30.073619,326,72,326,72,0,0,0.000000,1,1,1
hold,30.073632,259,53,259,53,0,0,0.000000,1,1,1
hold,30.073639,259,53,259,53,0,0,0.000000,1,1,1
hold,30.073646,259,53,259,53,0,0,0.000000,1,1,1
hold,30.073653,259,53,259,53,0,0,0.000000,1,1,1
hold,30.073660,183,36,183,36,0,0,0.000000,1,1,1
hold,30.073668,183,36,183,36,0,0,0.000000,1,1,1
hold,30.073675,183,36,183,36,0,0,0.000000,1,1,1
hold,30.073682,183,36,183,36,0,0,0.000000,1,1,1
hold,30.073691,95,28,95,28,0,0,0.000000,1,1,1
hold,30.073699,95,28,95,28,0,0,0.000000,1,1,1
hold,30.073705,95,28,95,28,0,0,0.000000,1,1,1
hold,30.073712,95,28,95,28,0,0,0.000000,1,1,1
hold,30.073720,28,28,28,28,0,0,0.000000,1,1,1
hold,30.073727,28,28,28,28,0,0,0.000000,1,1,1
hold,30.073734,28,28,28,28,0,0,0.000000,1,1,1
hold,30.073741,28,28,28,28,0,0,0.000000,1,1,1
hold,30.073747,114,28,114,28,0,0,0.000000,1,1,1
hold,30.073754,114,28,114,28,0,0,0.000000,1,1,1
hold,30.073761,114,28,114,28,0,0,0.000000,1,1,1
hold,30.073768,114,28,114,28,0,0,0.000000,1,1,1
hold,30.073775,230,46,230,46,0,0,0.000000,1,1,1
hold,30.073782,230,46,230,46,0,0,0.000000,1,1,1
hold,30.073789,230,46,230,46,0,0,0.000000,1,1,1
hold,30.073796,230,46,230,46,0,0,0.000000,1,1,1
hold,30.073817,300,64,300,64,0,0,0.000000,1,1,1
hold,30.073825,300,64,300,64,0,0,0.000000,1,1,1
hold,30.073832,300,64,300,64,0,0,0.000000,1,1,1
hold,30.073839,300,64,300,64,0,0,0.000000,1,1,1
hold,30.073846,376,88,376,88,0,0,0.000000,1,1,1
hold,30.073853,376,88,376,88,0,0,0.000000,1,1,1
hold,30.073860,376,88,376,88,0,0,0.000000,1,1,1
hold,30.073867,376,88,376,88,0,0,0.000000,1,1,1
hold,30.073874,437,108,437,108,0,0,0.000000,1,1,1
hold,30.073881,437,108,437,108,0,0,0.000000,1,1,1
hold,30.073888,437,108,437,108,0,0,0.000000,1,1,1
hold,30.073895,437,108,437,108,0,0,0.000000,1,1,1
hold,30.073902,486,123,486,123,0,0,0.000000,1,1,1
hold,30.073909,486,123,486,123,0,0,0.000000,1,1,1
hold,30.073916,486,123,486,123,0,0,0.000000,1,1,1
hold,30.073923,486,123,486,123,0,0,0.000000,1,1,1
hold,30.073935,553,142,553,142,0,0,0.000000,1,1,1
hold,30.073942,553,142,553,142,0,0,0.000000,1,1,1
hold,30.073949,553,142,553,142,0,0,0.000000,1,1,1
hold,30.073955,553,142,553,142,0,0,0.000000,1,1,1
hold,30.073962,643,163,643,163,0,0,0.000000,1,1,1
hold,30.073969,643,163,643,163,0,0,0.000000,1,1,1
hold,30.073977,643,163,643,163,0,0,0.000000,1,1,1
hold,30.073987,746,182,746,182,0,0,0.000000,1,1,1
hold,30.073994,746,182,746,182,0,0,0.000000,1,1,1
hold,30.074001,746,182,746,182,0,0,0.000000,1,1,1
hold,30.074009,746,182,746,182,0,0,0.000000,1,1,1
hold,30.074015,818,194,818,194,0,0,0.000000,1,1,1
hold,30.074022,818,194,818,194,0,0,0.000000,1,1,1
hold,30.074029,818,194,818,194,0,0,0.000000,1,1,1
hold,30.074036,818,194,818,194,0,0,0.000000,1,1,1
hold,30.074043,883,209,883,209,0,0,0.000000,1,1,1
hold,30.074050,883,209,883,209,0,0,0.000000,1,1,1
hold,30.074057,883,209,883,209,0,0,0.000000,1,1,1
hold,30.074064,883,224,883,224,0,0,0.000000,1,1,1
hold,30.074071,883,224,883,224,0,0,0.000000,1,1,1
hold,30.074078,883,224,883,224,0,0,0.000000,1,1,1
hold,30.074086,883,224,883,224,0,0,0.000000,1,1,1
hold,30.074092,883,243,883,243,0,0,0.000000,1,1,1
hold,30.074099,883,243,883,243,0,0,0.000000,1,1,1
hold,30.074106,883,243,883,243,0,0,0.000000,1,1,1
hold,30.074113,883,260,883,260,0,0,0.000000,1,1,1
hold,30.074120,883,260,883,260,0,0,0.000000,1,1,1
hold,30.074127,883,260,883,260,0,0,0.000000,1,1,1
hold,30.074134,883,275,883,275,0,0,0.000000,1,1,1
hold,30.074141,883,275,883,275,0,0,0.000000,1,1,1
hold,30.074148,883,275,883,275,0,0,0.000000,1,1,1
hold,30.074155,883,292,883,292,0,0,0.000000,1,1,1
hold,30.074162,883,292,883,292,0,0,0.000000,1,1,1
hold,30.074169,883,292,883,292,0,0,0.000000,1,1,1
hold,30.074176,883,311,883,311,0,0,0.000000,1,1,1
hold,30.074183,883,311,883,311,0,0,0.000000,1,1,1
hold,30.074191,883,311,883,311,0,0,0.000000,1,1,1
hold,30.074197,883,311,883,311,0,0,0.000000,1,1,1
hold,30.074205,883,331,883,331,0,0,0.000000,1,1,1
hold,30.074212,883,331,883,331,0,0,0.000000,1,1,1
hold,30.074222,883,331,883,331,0,0,0.000000,1,1,1
hold,30.074229,883,359,883,359,0,0,0.000000,1,1,1
hold,30.074236,883,359,883,359,0,0,0.000000,1,1,1
hold,30.074243,883,359,883,359,0,0,0.000000,1,1,1
hold,30.074250,883,359,883,359,0,0,0.000000,1,1,1
hold,30.074257,883,381,883,381,0,0,0.000000,1,1,1
hold,30.074264,883,381,883,381,0,0,0.000000,1,1,1
hold,30.074271,883,381,883,381,0,0,0.000000,1,1,1
hold,30.074278,883,410,883,410,0,0,0.000000,1,1,1
hold,30.074285,883,410,883,410,0,0,0.000000,1,1,1
hold,30.074292,883,410,883,410,0,0,0.000000,1,1,1
hold,30.074299,883,410,883,410,0,0,0.000000,1,1,1
hold,30.074306,883,434,883,434,0,0,0.000000,1,1,1
hold,30.074313,883,434,883,434,0,0,0.000000,1,1,1
hold,30.074320,883,434,883,434,0,0,0.000000,1,1,1
hold,30.074327,883,434,883,434,0,0,0.000000,1,1,1
hold,30.074334,883,473,883,473,0,0,0.000000,1,1,1
hold,30.074340,883,473,883,473,0,0,0.000000,1,1,1
hold,30.074347,883,473,883,473,0,0,0.000000,1,1,1
hold,30.074354,883,508,883,508,0,0,0.000000,1,1,1
hold,30.074361,883,508,883,508,0,0,0.000000,1,1,1
hold,30.074369,883,508,883,508,0,0,0.000000,1,1,1
hold,30.074376,883,538,883,538,0,0,0.000000,1,1,1
hold,30.074382,883,538,883,538,0,0,0.000000,1,1,1
hold,30.074389,883,538,883,538,0,0,0.000000,1,1,1
hold,30.074396,883,570,883,570,0,0,0.000000,1,1,1
hold,30.074403,883,570,883,570,0,0,0.000000,1,1,1
hold,30.074410,883,570,883,570,0,0,0.000000,1,1,1
hold,30.074417,883,594,883,594,0,0,0.000000,1,1,1
hold,30.074424,883,594,883,594,0,0,0.000000,1,1,1
hold,30.074431,883,594,883,594,0,0,0.000000,1,1,1
hold,30.074438,883,636,883,636,0,0,0.000000,1,1,1
hold,30.074445,883,636,883,636,0,0,0.000000,1,1,1
hold,30.074452,883,636,883,636,0,0,0.000000,1,1,1
hold,30.074459,883,671,883,671,0,0,0.000000,1,1,1
hold,30.074466,883,671,883,671,0,0,0.000000,1,1,1
hold,30.074473,883,671,883,671,0,0,0.000000,1,1,1
hold,30.074480,883,691,883,691,0,0,0.000000,1,1,1
hold,30.074487,883,691,883,691,0,0,0.000000,1,1,1
hold,30.074493,883,691,883,691,0,0,0.000000,1,1,1
hold,30.074504,883,691,883,691,0,0,0.000000,1,1,1
hold,30.074511,883,691,883,691,0,0,0.000000,1,1,1
hold,30.074518,883,691,883,691,0,0,0.000000,1,1,1
hold,30.074525,883,691,883,691,0,0,0.000000,1,1,1
hold,30.074532,883,691,883,691,0,0,0.000000,1,1,1
hold,30.074539,883,691,883,691,0,0,0.000000,1,1,1
hold,30.074546,883,691,883,691,0,0,0.000000,1,1,1
hold,30.074554,883,691,883,691,0,0,0.000000,1,1,1
hold,30.074561,883,691,883,691,0,0,0.000000,1,1,1
hold,30.074571,883,691,883,691,0,0,0.000000,1,1,1
hold,30.074578,883,691,883,691,0,0,0.000000,1,1,1
hold,30.074585,883,691,883,691,0,0,0.000000,1,1,1
hold,30.074595,883,691,883,691,0,0,0.000000,1,1,1
hold,30.074603,865,691,865,691,0,0,0.000000,1,1,1
hold,30.074610,865,691,865,691,0,0,0.000000,1,1,1
hold,30.074617,865,691,865,691,0,0,0.000000,1,1,1
hold,30.074624,821,691,821,691,0,0,0.000000,1,1,1
hold,30.074630,821,691,821,691,0,0,0.000000,1,1,1
hold,30.074637,821,691,821,691,0,0,0.000000,1,1,1
hold,30.074644,789,691,789,691,0,0,0.000000,1,1,1
hold,30.074651,789,691,789,691,0,0,0.000000,1,1,1
hold,30.074658,789,691,789,691,0,0,0.000000,1,1,1
hold,30.074665,768,691,768,691,0,0,0.000000,1,1,1
hold,30.074672,768,691,768,691,0,0,0.000000,1,1,1
hold,30.074679,768,691,768,691,0,0,0.000000,1,1,1
hold,30.074686,742,691,742,691,0,0,0.000000,1,1,1
hold,30.074693,742,691,742,691,0,0,0.000000,1,1,1
hold,30.074700,742,691,742,691,0,0,0.000000,1,1,1
hold,30.074707,717,691,717,691,0,0,0.000000,1,1,1
hold,30.074714,717,691,717,691,0,0,0.000000,1,1,1
hold,30.074721,697,691,697,691,0,0,0.000000,1,1,1
hold,30.074727,697,691,697,691,0,0,0.000000,1,1,1
hold,30.074734,697,691,697,691,0,0,0.000000,1,1,1
hold,30.074741,687,691,687,691,0,0,0.000000,1,1,1
hold,30.074748,687,691,687,691,0,0,0.000000,1,1,1
hold,30.074756,687,691,687,691,0,0,0.000000,1,1,1
hold,30.074763,681,691,681,691,0,0,0.000000,1,1,1
hold,30.074769,681,691,681,691,0,0,0.000000,1,1,1
hold,30.074776,681,691,681,691,0,0,0.000000,1,1,1
hold,30.074783,680,691,680,691,0,0,0.000000,1,1,1
hold,30.074797,680,691,680,691,0,0,0.000000,1,1,1
hold,30.074803,680,691,680,691,0,0,0.000000,1,1,1
hold,30.074810,684,691,684,691,0,0,0.000000,1,1,1
hold,30.074817,684,691,684,691,0,0,0.000000,1,1,1
hold,30.074825,684,691,684,691,0,0,0.000000,1,1,1
hold,30.074832,693,691,693,691,0,0,0.000000,1,1,1
hold,30.074839,693,691,693,691,0,0,0.000000,1,1,1
hold,30.074845,693,691,693,691,0,0,0.000000,1,1,1
hold,30.074852,710,691,710,691,0,0,0.000000,1,1,1
hold,30.074859,710,691,710,691,0,0,0.000000,1,1,1
hold,30.074866,710,691,710,691,0,0,0.000000,1,1,1
hold,30.074873,733,691,733,691,0,0,0.000000,1,1,1
hold,30.074880,733,691,733,691,0,0,0.000000,1,1,1
hold,30.074887,733,691,733,691,0,0,0.000000,1,1,1
hold,30.074893,754,691,754,691,0,0,0.000000,1,1,1
hold,30.074901,754,691,754,691,0,0,0.000000,1,1,1
hold,30.074908,754,691,754,691,0,0,0.000000,1,1,1
hold,30.074915,777,691,777,691,0,0,0.000000,1,1,1
hold,30.074921,777,691,777,691,0,0,0.000000,1,1,1
hold,30.074928,777,691,777,691,0,0,0.000000,1,1,1
hold,30.074935,796,691,796,691,0,0,0.000000,1,1,1
hold,30.074942,796,691,796,691,0,0,0.000000,1,1,1
hold,30.074949,796,691,796,691,0,0,0.000000,1,1,1
hold,30.074956,820,691,820,691,0,0,0.000000,1,1,1
hold,30.074963,820,691,820,691,0,0,0.000000,1,1,1
hold,30.074970,820,691,820,691,0,0,0.000000,1,1,1
hold,30.074977,839,691,839,691,0,0,0.000000,1,1,1
hold,30.074984,839,691,839,691,0,0,0.000000,1,1,1
hold,30.074991,839,691,839,691,0,0,0.000000,1,1,1
hold,30.074998,857,670,857,670,0,0,0.000000,1,1,1
hold,30.075005,857,670,857,670,0,0,0.000000,1,1,1
hold,30.075011,857,670,857,670,0,0,0.000000,1,1,1
hold,30.075018,883,605,883,605,0,0,0.000000,1,1,1
hold,30.075025,883,605,883,605,0,0,0.000000,1,1,1
hold,30.075032,883,605,883,605,0,0,0.000000,1,1,1
hold,30.075039,883,566,883,566,0,0,0.000000,1,1,1
hold,30.075046,883,566,883,566,0,0,0.000000,1,1,1
hold,30.075054,883,566,883,566,0,0,0.000000,1,1,1
hold,30.075061,883,532,883,532,0,0,0.000000,1,1,1
hold,30.075068,883,532,883,532,0,0,0.000000,1,1,1
hold,30.075078,883,532,883,532,0,0,0.000000,1,1,1
hold,30.075085,883,500,883,500,0,0,0.000000,1,1,1
hold,30.075092,883,500,883,500,0,0,0.000000,1,1,1
hold,30.075099,883,500,883,500,0,0,0.000000,1,1,1
hold,30.075106,883,471,883,471,0,0,0.000000,1,1,1
hold,30.075113,883,471,883,471,0,0,0.000000,1,1,1
hold,30.075120,883,471,883,471,0,0,0.000000,1,1,1
hold,30.075127,883,450,883,450,0,0,0.000000,1,1,1
hold,30.075134,883,450,883,450,0,0,0.000000,1,1,1
hold,30.075141,883,450,883,450,0,0,0.000000,1,1,1
hold,30.075148,883,450,883,450,0,0,0.000000,1,1,1
hold,30.075155,883,428,883,428,0,0,0.000000,1,1,1
hold,30.075162,883,428,883,428,0,0,0.000000,1,1,1
hold,30.075169,883,428,883,428,0,0,0.000000,1,1,1
hold,30.075175,883,389,883,389,0,0,0.000000,1,1,1
hold,30.075182,883,389,883,389,0,0,0.000000,1,1,1
hold,30.075189,883,389,883,389,0,0,0.000000,1,1,1
hold,30.075202,883,389,883,389,0,0,0.000000,1,1,1
hold,30.075210,883,364,883,364,0,0,0.000000,1,1,1
hold,30.075216,883,364,883,364,0,0,0.000000,1,1,1
hold,30.075223,883,364,883,364,0,0,0.000000,1,1,1
hold,30.075231,883,295,883,295,0,0,0.000000,1,1,1
hold,30.075237,883,295,883,295,0,0,0.000000,1,1,1
hold,30.075244,883,295,883,295,0,0,0.000000,1,1,1
hold,30.075251,883,295,883,295,0,0,0.000000,1,1,1
hold,30.075258,883,260,883,260,0,0,0.000000,1,1,1
hold,30.075265,883,260,883,260,0,0,0.000000,1,1,1
hold,30.075272,883,260,883,260,0,0,0.000000,1,1,1
hold,30.075279,883,192,883,192,0,0,0.000000,1,1,1
hold,30.075286,883,192,883,192,0,0,0.000000,1,1,1
hold,30.075293,883,192,883,192,0,0,0.000000,1,1,1
hold,30.075300,883,221,883,221,0,0,0.000000,1,1,1
hold,30.075307,883,221,883,221,0,0,0.000000,1,1,1
hold,30.075314,883,221,883,221,0,0,0.000000,1,1,1
hold,30.075321,883,272,883,272,0,0,0.000000,1,1,1
hold,30.075328,883,272,883,272,0,0,0.000000,1,1,1
hold,30.075335,883,272,883,272,0,0,0.000000,1,1,1
hold,30.075342,883,317,883,317,0,0,0.000000,1,1,1
hold,30.075349,883,317,883,317,0,0,0.000000,1,1,1
hold,30.075356,883,317,883,317,0,0,0.000000,1,1,1
hold,30.075367,883,355,883,355,0,0,0.000000,1,1,1
hold,30.075374,883,355,883,355,0,0,0.000000,1,1,1
hold,30.075381,883,355,883,355,0,0,0.000000,1,1,1
hold,30.075388,883,355,883,355,0,0,0.000000,1,1,1
hold,30.075395,883,381,883,381,0,0,0.000000,1,1,1
hold,30.075402,883,381,883,381,0,0,0.000000,1,1,1
hold,30.075409,883,381,883,381,0,0,0.000000,1,1,1
hold,30.075415,883,413,883,413,0,0,0.000000,1,1,1
hold,30.075423,883,413,883,413,0,0,0.000000,1,1,1
hold,30.075431,883,413,883,413,0,0,0.000000,1,1,1
hold,30.075438,883,450,883,450,0,0,0.000000,1,1,1
hold,30.075445,883,450,883,450,0,0,0.000000,1,1,1
hold,30.075451,883,450,883,450,0,0,0.000000,1,1,1
hold,30.075459,883,478,883,478,0,0,0.000000,1,1,1
hold,30.075466,883,478,883,478,0,0,0.000000,1,1,1
hold,30.075474,883,478,883,478,0,0,0.000000,1,1,1
hold,30.075481,883,500,883,500,0,0,0.000000,1,1,1
hold,30.075488,883,500,883,500,0,0,0.000000,1,1,1
hold,30.075495,883,500,883,500,0,0,0.000000,1,1,1
hold,30.075507,883,540,883,540,0,0,0.000000,1,1,1
hold,30.075514,883,540,883,540,0,0,0.000000,1,1,1
hold,30.075521,883,540,883,540,0,0,0.000000,1,1,1
hold,30.075528,883,585,883,585,0,0,0.000000,1,1,1
hold,30.075535,883,585,883,585,0,0,0.000000,1,1,1
hold,30.075544,883,585,883,585,0,0,0.000000,1,1,1
hold,30.075551,883,615,883,615,0,0,0.000000,1,1,1
hold,30.075558,883,615,883,615,0,0,0.000000,1,1,1
hold,30.075565,883,615,883,615,0,0,0.000000,1,1,1
hold,30.075572,869,648,869,648,0,0,0.000000,1,1,1
hold,30.075579,869,648,869,648,0,0,0.000000,1,1,1
hold,30.075587,869,648,869,648,0,0,0.000000,1,1,1
hold,30.075593,845,691,845,691,0,0,0.000000,1,1,1
hold,30.075600,845,691,845,691,0,0,0.000000,1,1,1
hold,30.075607,845,691,845,691,0,0,0.000000,1,1,1
hold,30.075615,814,691,814,691,0,0,0.000000,1,1,1
hold,30.075622,814,691,814,691,0,0,0.000000,1,1,1
hold,30.075628,814,691,814,691,0,0,0.000000,1,1,1
hold,30.075635,796,691,796,691,0,0,0.000000,1,1,1
hold,30.075642,796,691,796,691,0,0,0.000000,1,1,1
hold,30.075649,796,691,796,691,0,0,0.000000,1,1,1
hold,30.075662,766,691,766,691,0,0,0.000000,1,1,1
hold,30.075669,766,691,766,691,0,0,0.000000,1,1,1
hold,30.075676,766,691,766,691,0,0,0.000000,1,1,1
hold,30.075683,743,691,743,691,0,0,0.000000,1,1,1
hold,30.075690,743,691,743,691,0,0,0.000000,1,1,1
hold,30.075697,743,691,743,691,0,0,0.000000,1,1,1
hold,30.075704,719,691,719,691,0,0,0.000000,1,1,1
hold,30.075711,719,691,719,691,0,0,0.000000,1,1,1
hold,30.075719,719,691,719,691,0,0,0.000000,1,1,1
hold,30.075725,699,691,699,691,0,0,0.000000,1,1,1
hold,30.075732,699,691,699,691,0,0,0.000000,1,1,1
hold,30.075740,699,691,699,691,0,0,0.000000,1,1,1
hold,30.075748,690,691,690,691,0,0,0.000000,1,1,1
hold,30.075755,690,691,690,691,0,0,0.000000,1,1,1
hold,30.075762,690,691,690,691,0,0,0.000000,1,1,1
hold,30.075769,690,691,690,691,0,0,0.000000,1,1,1
hold,30.075776,683,691,683,691,0,0,0.000000,1,1,1
hold,30.075783,683,691,683,691,0,0,0.000000,1,1,1
hold,30.075790,683,691,683,691,0,0,0.000000,1,1,1
hold,30.075796,681,691,681,691,0,0,0.000000,1,1,1
hold,30.075803,681,691,681,691,0,0,0.000000,1,1,1
hold,30.075810,681,691,681,691,0,0,0.000000,1,1,1
hold,30.075821,685,691,685,691,0,0,0.000000,1,1,1
hold,30.075828,685,691,685,691,0,0,0.000000,1,1,1
hold,30.075835,685,691,685,691,0,0,0.000000,1,1,1
hold,30.075842,689,691,689,691,0,0,0.000000,1,1,1
hold,30.075849,689,691,689,691,0,0,0.000000,1,1,1
hold,30.075855,689,691,689,691,0,0,0.000000,1,1,1
hold,30.075861,704,691,704,691,0,0,0.000000,1,1,1
hold,30.075867,704,691,704,691,0,0,0.000000,1,1,1
hold,30.075873,726,691,726,691,0,0,0.000000,1,1,1
hold,30.075879,726,691,726,691,0,0,0.000000,1,1,1
hold,30.075886,726,691,726,691,0,0,0.000000,1,1,1
hold,30.075895,742,691,742,691,0,0,0.000000,1,1,1
hold,30.075901,742,691,742,691,0,0,0.000000,1,1,1
hold,30.075907,742,691,742,691,0,0,0.000000,1,1,1
hold,30.075913,761,691,761,691,0,0,0.000000,1,1,1
hold,30.075919,761,691,761,691,0,0,0.000000,1,1,1
hold,30.075925,761,691,761,691,0,0,0.000000,1,1,1
hold,30.075931,782,691,782,691,0,0,0.000000,1,1,1
hold,30.075943,782,691,782,691,0,0,0.000000,1,1,1
hold,30.075949,782,691,782,691,0,0,0.000000,1,1,1
hold,30.075955,804,691,804,691,0,0,0.000000,1,1,1
hold,30.075961,804,691,804,691,0,0,0.000000,1,1,1
hold,30.075968,804,691,804,691,0,0,0.000000,1,1,1
hold,30.075975,846,691,846,691,0,0,0.000000,1,1,1
hold,30.075981,846,691,846,691,0,0,0.000000,1,1,1
hold,30.075986,846,691,846,691,0,0,0.000000,1,1,1
hold,30.075992,883,691,883,691,0,0,0.000000,1,1,1
hold,30.076000,883,691,883,691,0,0,0.000000,1,1,1
hold,30.076006,883,691,883,691,0,0,0.000000,1,1,1
hold,30.076012,883,691,883,691,0,0,0.000000,1,1,1
hold,30.076017,883,691,883,691,0,0,0.000000,1,1,1
hold,30.076023,883,691,883,691,0,0,0.000000,1,1,1
hold,30.076029,883,691,883,691,0,0,0.000000,1,1,1
hold,30.076036,883,691,883,691,0,0,0.000000,1,1,1
hold,30.076042,883,691,883,691,0,0,0.000000,1,1,1
hold,30.076048,883,691,883,691,0,0,0.000000,1,1,1
hold,30.076054,883,691,883,691,0,0,0.000000,1,1,1
hold,30.076060,883,691,883,691,0,0,0.000000,1,1,1
hold,30.076067,883,691,883,691,0,0,0.000000,1,1,1
hold,30.076072,883,671,883,671,0,0,0.000000,1,1,1
hold,30.076078,883,671,883,671,0,0,0.000000,1,1,1
hold,30.076084,883,671,883,671,0,0,0.000000,1,1,1
hold,30.076091,883,636,883,636,0,0,0.000000,1,1,1
hold,30.076097,883,636,883,636,0,0,0.000000,1,1,1
hold,30.076103,883,636,883,636,0,0,0.000000,1,1,1
hold,30.076110,883,611,883,611,0,0,0.000000,1,1,1
hold,30.076122,883,611,883,611,0,0,0.000000,1,1,1
hold,30.076128,883,611,883,611,0,0,0.000000,1,1,1
hold,30.076134,883,578,883,578,0,0,0.000000,1,1,1
hold,30.076140,883,578,883,578,0,0,0.000000,1,1,1
hold,30.076146,883,578,883,578,0,0,0.000000,1,1,1
hold,30.076152,883,546,883,546,0,0,0.000000,1,1,1
hold,30.076158,883,546,883,546,0,0,0.000000,1,1,1
hold,30.076165,883,546,883,546,0,0,0.000000,1,1,1
hold,30.076173,883,516,883,516,0,0,0.000000,1,1,1
hold,30.076178,883,516,883,516,0,0,0.000000,1,1,1
hold,30.076185,883,516,883,516,0,0,0.000000,1,1,1
hold,30.076191,883,487,883,487,0,0,0.000000,1,1,1
hold,30.076203,883,487,883,487,0,0,0.000000,1,1,1
hold,30.076209,883,487,883,487,0,0,0.000000,1,1,1
hold,30.076215,883,466,883,466,0,0,0.000000,1,1,1
hold,30.076221,883,466,883,466,0,0,0.000000,1,1,1
hold,30.076227,883,466,883,466,0,0,0.000000,1,1,1
hold,30.076233,883,440,883,440,0,0,0.000000,1,1,1
hold,30.076240,883,440,883,440,0,0,0.000000,1,1,1
hold,30.076246,883,440,883,440,0,0,0.000000,1,1,1
hold,30.076252,883,410,883,410,0,0,0.000000,1,1,1
hold,30.076258,883,410,883,410,0,0,0.000000,1,1,1
hold,30.076264,883,410,883,410,0,0,0.000000,1,1,1
hold,30.076271,883,376,883,376,0,0,0.000000,1,1,1
hold,30.076277,883,376,883,376,0,0,0.000000,1,1,1
hold,30.076283,883,376,883,376,0,0,0.000000,1,1,1
hold,30.076289,883,364,883,364,0,0,0.000000,1,1,1
hold,30.076295,883,364,883,364,0,0,0.000000,1,1,1
hold,30.076300,883,364,883,364,0,0,0.000000,1,1,1
hold,30.076307,883,336,883,336,0,0,0.000000,1,1,1
hold,30.076315,883,336,883,336,0,0,0.000000,1,1,1
hold,30.076320,883,336,883,336,0,0,0.000000,1,1,1
hold,30.076326,883,315,883,315,0,0,0.000000,1,1,1
hold,30.076332,883,315,883,315,0,0,0.000000,1,1,1
hold,30.076339,883,315,883,315,0,0,0.000000,1,1,1
hold,30.076345,883,292,883,292,0,0,0.000000,1,1,1
hold,30.076351,883,292,883,292,0,0,0.000000,1,1,1
hold,30.076357,883,292,883,292,0,0,0.000000,1,1,1
hold,30.076363,883,275,883,275,0,0,0.000000,1,1,1
hold,30.076396,883,275,883,275,0,0,0.000000,1,1,1
hold,30.076405,883,275,883,275,0,0,0.000000,1,1,1
hold,30.076412,883,275,883,275,0,0,0.000000,1,1,1
hold,30.076418,883,260,883,260,0,0,0.000000,1,1,1
hold,30.076424,883,260,883,260,0,0,0.000000,1,1,1
hold,30.076430,883,260,883,260,0,0,0.000000,1,1,1
hold,30.076436,883,240,883,240,0,0,0.000000,1,1,1
hold,30.076442,883,240,883,240,0,0,0.000000,1,1,1
hold,30.076448,883,240,883,240,0,0,0.000000,1,1,1
hold,30.076454,883,227,883,227,0,0,0.000000,1,1,1
hold,30.076460,883,227,883,227,0,0,0.000000,1,1,1
hold,30.076467,883,227,883,227,0,0,0.000000,1,1,1
hold,30.076473,883,212,883,212,0,0,0.000000,1,1,1
hold,30.076482,883,212,883,212,0,0,0.000000,1,1,1
hold,30.076488,883,212,883,212,0,0,0.000000,1,1,1
hold,30.076494,874,203,874,203,0,0,0.000000,1,1,1
hold,30.076501,874,203,874,203,0,0,0.000000,1,1,1
hold,30.076507,874,203,874,203,0,0,0.000000,1,1,1
hold,30.076520,818,194,818,194,0,0,0.000000,1,1,1
hold,30.076528,818,194,818,194,0,0,0.000000,1,1,1
hold,30.076534,818,194,818,194,0,0,0.000000,1,1,1
hold,30.076539,746,182,746,182,0,0,0.000000,1,1,1
hold,30.076546,746,182,746,182,0,0,0.000000,1,1,1
hold,30.076552,746,182,746,182,0,0,0.000000,1,1,1
hold,30.076558,676,170,676,170,0,0,0.000000,1,1,1
hold,30.076564,676,170,676,170,0,0,0.000000,1,1,1
hold,30.076570,676,170,676,170,0,0,0.000000,1,1,1
hold,30.076576,612,156,612,156,0,0,0.000000,1,1,1
hold,30.076582,612,156,612,156,0,0,0.000000,1,1,1
hold,30.076588,612,156,612,156,0,0,0.000000,1,1,1
hold,30.076594,553,142,553,142,0,0,0.000000,1,1,1
hold,30.076600,553,142,553,142,0,0,0.000000,1,1,1
hold,30.076606,553,142,553,142,0,0,0.000000,1,1,1
hold,30.076612,486,123,486,123,0,0,0.000000,1,1,1
hold,30.076619,486,123,486,123,0,0,0.000000,1,1,1
hold,30.076625,486,123,486,123,0,0,0.000000,1,1,1
hold,30.076631,486,123,486,123,0,0,0.000000,1,1,1
hold,30.076637,425,104,425,104,0,0,0.000000,1,1,1
hold,30.076643,425,104,425,104,0,0,0.000000,1,1,1
hold,30.076649,425,104,425,104,0,0,0.000000,1,1,1
hold,30.076655,376,88,376,88,0,0,0.000000,1,1,1
hold,30.076661,376,88,376,88,0,0,0.000000,1,1,1
hold,30.076667,376,88,376,88,0,0,0.000000,1,1,1
hold,30.076673,314,68,314,68,0,0,0.000000,1,1,1
hold,30.076679,314,68,314,68,0,0,0.000000,1,1,1
hold,30.076685,314,68,314,68,0,0,0.000000,1,1,1
hold,30.076691,273,57,273,57,0,0,0.000000,1,1,1
hold,30.076697,273,57,273,57,0,0,0.000000,1,1,1
hold,30.076703,273,57,273,57,0,0,0.000000,1,1,1
hold,30.076710,199,39,199,39,0,0,0.000000,1,1,1
hold,30.076716,199,39,199,39,0,0,0.000000,1,1,1
hold,30.076722,199,39,199,39,0,0,0.000000,1,1,1
hold,30.076728,132,28,132,28,0,0,0.000000,1,1,1
hold,30.076737,132,28,132,28,0,0,0.000000,1,1,1
hold,30.076743,132,28,132,28,0,0,0.000000,1,1,1
hold,30.076750,34,28,34,28,0,0,0.000000,1,1,1
hold,30.076756,34,28,34,28,0,0,0.000000,1,1,1
hold,30.076762,34,28,34,28,0,0,0.000000,1,1,1
hold,30.076768,28,28,28,28,0,0,0.000000,1,1,1
hold,30.076773,28,28,28,28,0,0,0.000000,1,1,1
hold,30.076779,75,28,75,28,0,0,0.000000,1,1,1
hold,30.076785,75,28,75,28,0,0,0.000000,1,1,1
hold,30.076791,75,28,75,28,0,0,0.000000,1,1,1
hold,30.076797,114,28,114,28,0,0,0.000000,1,1,1
hold,30.076803,114,28,114,28,0,0,0.000000,1,1,1
hold,30.076809,114,28,114,28,0,0,0.000000,1,1,1
hold,30.076816,199,39,199,39,0,0,0.000000,1,1,1
hold,30.076822,199,39,199,39,0,0,0.000000,1,1,1
hold,30.076828,199,39,199,39,0,0,0.000000,1,1,1
hold,30.076833,199,39,199,39,0,0,0.000000,1,1,1
hold,30.076839,259,53,259,53,0,0,0.000000,1,1,1
hold,30.076846,259,53,259,53,0,0,0.000000,1,1,1
hold,30.076852,259,53,259,53,0,0,0.000000,1,1,1
hold,30.076858,339,76,339,76,0,0,0.000000,1,1,1
hold,30.076864,339,76,339,76,0,0,0.000000,1,1,1
hold,30.076870,339,76,339,76,0,0,0.000000,1,1,1
hold,30.076877,339,76,339,76,0,0,0.000000,1,1,1
hold,30.076883,376,88,376,88,0,0,0.000000,1,1,1
hold,30.076890,376,88,376,88,0,0,0.000000,1,1,1
hold,30.076896,376,88,376,88,0,0,0.000000,1,1,1
hold,30.076902,376,88,376,88,0,0,0.000000,1,1,1
hold,30.076908,425,104,425,104,0,0,0.000000,1,1,1
hold,30.076914,425,104,425,104,0,0,0.000000,1,1,1
hold,30.076920,425,104,425,104,0,0,0.000000,1,1,1
hold,30.076925,499,127,499,127,0,0,0.000000,1,1,1
hold,30.076934,499,127,499,127,0,0,0.000000,1,1,1
hold,30.076941,499,127,499,127,0,0,0.000000,1,1,1
hold,30.076947,553,142,553,142,0,0,0.000000,1,1,1
hold,30.076953,553,142,553,142,0,0,0.000000,1,1,1
hold,30.076959,553,142,553,142,0,0,0.000000,1,1,1
hold,30.076965,627,160,627,160,0,0,0.000000,1,1,1
hold,30.076971,627,160,627,160,0,0,0.000000,1,1,1
hold,30.076977,627,160,627,160,0,0,0.000000,1,1,1
hold,30.076986,711,176,711,176,0,0,0.000000,1,1,1
hold,30.076992,711,176,711,176,0,0,0.000000,1,1,1
hold,30.076998,711,176,711,176,0,0,0.000000,1,1,1
hold,30.077004,711,176,711,176,0,0,0.000000,1,1,1
hold,30.077010,764,185,764,185,0,0,0.000000,1,1,1
hold,30.077016,764,185,764,185,0,0,0.000000,1,1,1
hold,30.077023,764,185,764,185,0,0,0.000000,1,1,1
hold,30.077028,855,200,855,200,0,0,0.000000,1,1,1
hold,30.077035,855,200,855,200,0,0,0.000000,1,1,1
hold,30.077040,855,200,855,200,0,0,0.000000,1,1,1
hold,30.077047,883,209,883,209,0,0,0.000000,1,1,1
hold,30.077053,883,209,883,209,0,0,0.000000,1,1,1
hold,30.077059,883,209,883,209,0,0,0.000000,1,1,1
hold,30.077065,883,224,883,224,0,0,0.000000,1,1,1
hold,30.077071,883,224,883,224,0,0,0.000000,1,1,1
hold,30.077077,883,224,883,224,0,0,0.000000,1,1,1
hold,30.077084,883,224,883,224,0,0,0.000000,1,1,1
hold,30.077090,883,236,883,236,0,0,0.000000,1,1,1
hold,30.077096,883,236,883,236,0,0,0.000000,1,1,1
hold,30.077102,883,236,883,236,0,0,0.000000,1,1,1
hold,30.077108,883,257,883,257,0,0,0.000000,1,1,1
hold,30.077114,883,257,883,257,0,0,0.000000,1,1,1
hold,30.077120,883,275,883,275,0,0,0.000000,1,1,1
hold,30.077126,883,275,883,275,0,0,0.000000,1,1,1
hold,30.077132,883,275,883,275,0,0,0.000000,1,1,1
hold,30.077138,883,288,883,288,0,0,0.000000,1,1,1
hold,30.077144,883,288,883,288,0,0,0.000000,1,1,1
hold,30.077151,883,288,883,288,0,0,0.000000,1,1,1
hold,30.077157,883,306,883,306,0,0,0.000000,1,1,1
hold,30.077163,883,306,883,306,0,0,0.000000,1,1,1
hold,30.077169,883,331,883,331,0,0,0.000000,1,1,1
hold,30.077175,883,331,883,331,0,0,0.000000,1,1,1
hold,30.077182,883,331,883,331,0,0,0.000000,1,1,1
hold,30.077187,883,342,883,342,0,0,0.000000,1,1,1
hold,30.077193,883,342,883,342,0,0,0.000000,1,1,1
hold,30.077200,883,342,883,342,0,0,0.000000,1,1,1
hold,30.077207,883,342,883,342,0,0,0.000000,1,1,1
hold,30.077213,883,364,883,364,0,0,0.000000,1,1,1
hold,30.077220,883,364,883,364,0,0,0.000000,1,1,1
hold,30.077226,883,364,883,364,0,0,0.000000,1,1,1
hold,30.077236,883,364,883,364,0,0,0.000000,1,1,1
hold,30.077242,883,387,883,387,0,0,0.000000,1,1,1
hold,30.077248,883,387,883,387,0,0,0.000000,1,1,1
hold,30.077254,883,387,883,387,0,0,0.000000,1,1,1
hold,30.077260,883,387,883,387,0,0,0.000000,1,1,1
hold,30.077266,883,422,883,422,0,0,0.000000,1,1,1
hold,30.077273,883,422,883,422,0,0,0.000000,1,1,1
hold,30.077279,883,422,883,422,0,0,0.000000,1,1,1
hold,30.077285,883,453,883,453,0,0,0.000000,1,1,1
hold,30.077291,883,453,883,453,0,0,0.000000,1,1,1
hold,30.077297,883,480,883,480,0,0,0.000000,1,1,1
hold,30.077304,883,480,883,480,0,0,0.000000,1,1,1
hold,30.077310,883,480,883,480,0,0,0.000000,1,1,1
hold,30.077317,883,501,883,501,0,0,0.000000,1,1,1
hold,30.077323,883,501,883,501,0,0,0.000000,1,1,1
hold,30.077329,883,501,883,501,0,0,0.000000,1,1,1
hold,30.077335,883,531,883,531,0,0,0.000000,1,1,1
hold,30.077341,883,531,883,531,0,0,0.000000,1,1,1
hold,30.077348,883,531,883,531,0,0,0.000000,1,1,1
hold,30.077354,883,562,883,562,0,0,0.000000,1,1,1
hold,30.077361,883,562,883,562,0,0,0.000000,1,1,1
hold,30.077367,883,562,883,562,0,0,0.000000,1,1,1
hold,30.077373,883,594,883,594,0,0,0.000000,1,1,1
hold,30.077379,883,594,883,594,0,0,0.000000,1,1,1
hold,30.077385,883,594,883,594,0,0,0.000000,1,1,1
hold,30.077391,883,594,883,594,0,0,0.000000,1,1,1
hold,30.077398,883,628,883,628,0,0,0.000000,1,1,1
hold,30.077404,883,628,883,628,0,0,0.000000,1,1,1
hold,30.077410,883,628,883,628,0,0,0.000000,1,1,1
hold,30.077416,883,671,883,671,0,0,0.000000,1,1,1
hold,30.077423,883,671,883,671,0,0,0.000000,1,1,1
hold,30.077429,883,671,883,671,0,0,0.000000,1,1,1
hold,30.077435,883,691,883,691,0,0,0.000000,1,1,1
hold,30.077441,883,691,883,691,0,0,0.000000,1,1,1
hold,30.077447,883,691,883,691,0,0,0.000000,1,1,1
hold,30.077453,883,691,883,691,0,0,0.000000,1,1,1
hold,30.077459,883,691,883,691,0,0,0.000000,1,1,1
hold,30.077471,883,691,883,691,0,0,0.000000,1,1,1
hold,30.077477,883,691,883,691,0,0,0.000000,1,1,1
hold,30.077483,883,691,883,691,0,0,0.000000,1,1,1
hold,30.077493,883,691,883,691,0,0,0.000000,1,1,1
hold,30.077499,883,691,883,691,0,0,0.000000,1,1,1
hold,30.077506,883,691,883,691,0,0,0.000000,1,1,1
hold,30.077512,883,691,883,691,0,0,0.000000,1,1,1
hold,30.077518,883,691,883,691,0,0,0.000000,1,1,1
hold,30.077524,883,691,883,691,0,0,0.000000,1,1,1
hold,30.077531,865,691,865,691,0,0,0.000000,1,1,1
hold,30.077537,865,691,865,691,0,0,0.000000,1,1,1
hold,30.077543,865,691,865,691,0,0,0.000000,1,1,1
hold,30.077549,865,691,865,691,0,0,0.000000,1,1,1
hold,30.077555,829,691,829,691,0,0,0.000000,1,1,1
hold,30.077561,829,691,829,691,0,0,0.000000,1,1,1
hold,30.077568,829,691,829,691,0,0,0.000000,1,1,1
hold,30.077640,789,691,789,691,0,0,0.000000,1,1,1
hold,30.077668,789,691,789,691,0,0,0.000000,1,1,1
hold,30.077680,789,691,789,691,0,0,0.000000,1,1,1
hold,30.077689,789,691,789,691,0,0,0.000000,1,1,1
hold,30.077697,755,691,755,691,0,0,0.000000,1,1,1
hold,30.077711,755,691,755,691,0,0,0.000000,1,1,1
hold,30.077718,755,691,755,691,0,0,0.000000,1,1,1
hold,30.077725,726,691,726,691,0,0,0.000000,1,1,1
hold,30.077743,726,691,726,691,0,0,0.000000,1,1,1
hold,30.077750,726,691,726,691,0,0,0.000000,1,1,1
hold,30.077757,708,691,708,691,0,0,0.000000,1,1,1
hold,30.077763,708,691,708,691,0,0,0.000000,1,1,1
hold,30.077769,708,691,708,691,0,0,0.000000,1,1,1
hold,30.077776,694,691,694,691,0,0,0.000000,1,1,1
hold,30.077782,694,691,694,691,0,0,0.000000,1,1,1
hold,30.077788,694,691,694,691,0,0,0.000000,1,1,1
hold,30.077810,685,691,685,691,0,0,0.000000,1,1,1
hold,30.077842,685,691,685,691,0,0,0.000000,1,1,1
hold,30.077856,681,691,681,691,0,0,0.000000,1,1,1
hold,30.077865,681,691,681,691,0,0,0.000000,1,1,1
hold,30.077873,681,691,681,691,0,0,0.000000,1,1,1
hold,30.077879,680,691,680,691,0,0,0.000000,1,1,1
hold,30.077886,680,691,680,691,0,0,0.000000,1,1,1
hold,30.077893,680,691,680,691,0,0,0.000000,1,1,1
hold,30.077899,686,691,686,691,0,0,0.000000,1,1,1
hold,30.077906,686,691,686,691,0,0,0.000000,1,1,1
hold,30.077912,686,691,686,691,0,0,0.000000,1,1,1
hold,30.077923,693,691,693,691,0,0,0.000000,1,1,1
hold,30.077929,693,691,693,691,0,0,0.000000,1,1,1
hold,30.077936,693,691,693,691,0,0,0.000000,1,1,1
hold,30.077942,710,691,710,691,0,0,0.000000,1,1,1
hold,30.077948,710,691,710,691,0,0,0.000000,1,1,1
hold,30.077955,710,691,710,691,0,0,0.000000,1,1,1
hold,30.077961,710,691,710,691,0,0,0.000000,1,1,1
hold,30.077967,723,691,723,691,0,0,0.000000,1,1,1
hold,30.077973,723,691,723,691,0,0,0.000000,1,1,1
hold,30.077980,723,691,723,691,0,0,0.000000,1,1,1
hold,30.077986,749,691,749,691,0,0,0.000000,1,1,1
hold,30.077992,749,691,749,691,0,0,0.000000,1,1,1
hold,30.077998,749,691,749,691,0,0,0.000000,1,1,1
hold,30.078004,749,691,749,691,0,0,0.000000,1,1,1
hold,30.078010,771,691,771,691,0,0,0.000000,1,1,1
hold,30.078017,771,691,771,691,0,0,0.000000,1,1,1
hold,30.078023,771,691,771,691,0,0,0.000000,1,1,1
hold,30.078029,771,691,771,691,0,0,0.000000,1,1,1
hold,30.078035,820,691,820,691,0,0,0.000000,1,1,1
hold,30.078041,820,691,820,691,0,0,0.000000,1,1,1
hold,30.078047,820,691,820,691,0,0,0.000000,1,1,1
hold,30.078053,845,691,845,691,0,0,0.000000,1,1,1
hold,30.078060,845,691,845,691,0,0,0.000000,1,1,1
hold,30.078066,845,691,845,691,0,0,0.000000,1,1,1
hold,30.078098,875,637,875,637,0,0,0.000000,1,1,1
hold,30.080138,875,637,875,637,0,0,0.000000,1,1,1
hold,30.095417,875,637,875,637,0,0,0.000000,1,1,1
hold,30.112166,883,595,883,595,0,0,0.000000,1,1,1
hold,30.121787,883,595,883,595,0,0,0.000000,1,1,1
hold,30.145866,883,595,883,595,0,0,0.000000,1,1,1
hold,30.164875,883,557,883,557,0,0,0.000000,1,1,1
hold,30.184947,883,557,883,557,0,0,0.000000,1,1,1
hold,30.203071,883,524,883,524,0,0,0.000000,1,1,1
hold,30.222448,883,524,883,524,0,0,0.000000,1,1,1
hold,30.243017,883,524,883,524,0,0,0.000000,1,1,1
hold,30.254856,883,508,883,508,0,0,0.000000,1,1,1
hold,30.266605,883,508,883,508,0,0,0.000000,1,1,1
hold,30.277410,883,508,883,508,0,0,0.000000,1,1,1
hold,30.290278,883,508,883,508,0,0,0.000000,1,1,1
hold,30.300090,883,478,883,478,0,0,0.000000,1,1,1
hold,30.313913,883,478,883,478,0,0,0.000000,1,1,1
hold,30.332580,883,478,883,478,0,0,0.000000,1,1,1
hold,30.349885,883,442,883,442,0,0,0.000000,1,1,1
hold,30.364952,883,442,883,442,0,0,0.000000,1,1,1
hold,30.382100,883,442,883,442,0,0,0.000000,1,1,1
hold,30.399513,883,405,883,405,0,0,0.000000,1,1,1
hold,30.415733,883,405,883,405,0,0,0.000000,1,1,1
hold,30.430657,883,405,883,405,0,0,0.000000,1,1,1
hold,30.450029,883,373,883,373,0,0,0.000000,1,1,1
hold,30.460966,883,373,883,373,0,0,0.000000,1,1,1
hold,30.476980,883,373,883,373,0,0,0.000000,1,1,1
hold,30.488056,883,336,883,336,0,0,0.000000,1,1,1
hold,30.500038,883,336,883,336,0,0,0.000000,1,1,1
hold,30.521113,883,336,883,336,0,0,0.000000,1,1,1
hold,30.528447,883,295,883,295,0,0,0.000000,1,1,1
hold,30.549990,883,295,883,295,0,0,0.000000,1,1,1
hold,30.564537,883,295,883,295,0,0,0.000000,1,1,1
hold,30.572819,883,247,883,247,0,0,0.000000,1,1,1
hold,30.586649,883,247,883,247,0,0,0.000000,1,1,1
hold,30.598107,883,247,883,247,0,0,0.000000,1,1,1
hold,30.609450,883,247,883,247,0,0,0.000000,1,1,1
hold,30.620583,883,192,883,192,0,0,0.000000,1,1,1
hold,30.628876,883,192,883,192,0,0,0.000000,1,1,1
hold,30.642234,883,192,883,192,0,0,0.000000,1,1,1
hold,30.653600,883,192,883,192,0,0,0.000000,1,1,1
hold,30.661988,883,247,883,247,0,0,0.000000,1,1,1
hold,30.672114,883,247,883,247,0,0,0.000000,1,1,1
hold,30.688181,883,247,883,247,0,0,0.000000,1,1,1
hold,30.699614,883,247,883,247,0,0,0.000000,1,1,1
hold,30.716443,883,295,883,295,0,0,0.000000,1,1,1
hold,30.730163,883,295,883,295,0,0,0.000000,1,1,1
hold,30.743463,883,295,883,295,0,0,0.000000,1,1,1
hold,30.752466,883,355,883,355,0,0,0.000000,1,1,1
hold,30.766450,883,355,883,355,0,0,0.000000,1,1,1
hold,30.776797,883,355,883,355,0,0,0.000000,1,1,1
hold,30.788368,883,355,883,355,0,0,0.000000,1,1,1
hold,30.816769,883,389,883,389,0,0,0.000000,1,1,1
hold,30.833847,883,389,883,389,0,0,0.000000,1,1,1
hold,30.849918,883,389,883,389,0,0,0.000000,1,1,1
hold,30.866858,883,435,883,435,0,0,0.000000,1,1,1
hold,30.881672,883,435,883,435,0,0,0.000000,1,1,1
hold,30.897325,883,435,883,435,0,0,0.000000,1,1,1
hold,30.911906,883,471,883,471,0,0,0.000000,1,1,1
hold,30.923765,883,471,883,471,0,0,0.000000,1,1,1
hold,30.933307,883,471,883,471,0,0,0.000000,1,1,1
hold,30.948115,883,500,883,500,0,0,0.000000,1,1,1
hold,30.965683,883,500,883,500,0,0,0.000000,1,1,1
hold,30.980795,883,500,883,500,0,0,0.000000,1,1,1
hold,30.997541,883,540,883,540,0,0,0.000000,1,1,1
hold,31.009249,883,540,883,540,0,0,0.000000,1,1,1
hold,31.018635,883,540,883,540,0,0,0.000000,1,1,1
hold,31.029326,883,585,883,585,0,0,0.000000,1,1,1
hold,31.045141,883,585,883,585,0,0,0.000000,1,1,1
hold,31.056715,883,585,883,585,0,0,0.000000,1,1,1
hold,31.069171,880,626,880,626,0,0,0.000000,1,1,1
hold,31.088272,880,626,880,626,0,0,0.000000,1,1,1
hold,31.100329,880,626,880,626,0,0,0.000000,1,1,1
hold,31.109903,863,659,863,659,0,0,0.000000,1,1,1
hold,31.127951,863,659,863,659,0,0,0.000000,1,1,1
hold,31.146561,863,659,863,659,0,0,0.000000,1,1,1
hold,31.160273,833,691,833,691,0,0,0.000000,1,1,1
hold,31.171407,833,691,833,691,0,0,0.000000,1,1,1
hold,31.195465,833,691,833,691,0,0,0.000000,1,1,1
hold,31.210876,808,691,808,691,0,0,0.000000,1,1,1
hold,31.224567,808,691,808,691,0,0,0.000000,1,1,1
hold,31.247126,808,691,808,691,0,0,0.000000,1,1,1
hold,31.266762,771,691,771,691,0,0,0.000000,1,1,1
hold,31.277223,771,691,771,691,0,0,0.000000,1,1,1
hold,31.285465,771,691,771,691,0,0,0.000000,1,1,1
hold,31.303809,749,691,749,691,0,0,0.000000,1,1,1
hold,31.319258,749,691,749,691,0,0,0.000000,1,1,1
hold,31.335938,749,691,749,691,0,0,0.000000,1,1,1
hold,31.357115,728,691,728,691,0,0,0.000000,1,1,1
hold,31.367615,728,691,728,691,0,0,0.000000,1,1,1
hold,31.377558,728,691,728,691,0,0,0.000000,1,1,1
hold,31.396494,710,691,710,691,0,0,0.000000,1,1,1
hold,31.405493,710,691,710,691,0,0,0.000000,1,1,1
hold,31.419397,710,691,710,691,0,0,0.000000,1,1,1
hold,31.443438,696,691,696,691,0,0,0.000000,1,1,1
hold,31.454514,696,691,696,691,0,0,0.000000,1,1,1
hold,31.466686,696,691,696,691,0,0,0.000000,1,1,1
hold,31.474671,684,691,684,691,0,0,0.000000,1,1,1
hold,31.484583,684,691,684,691,0,0,0.000000,1,1,1
hold,31.499900,684,691,684,691,0,0,0.000000,1,1,1
hold,31.516807,684,691,684,691,0,0,0.000000,1,1,1
hold,31.539637,680,691,680,691,0,0,0.000000,1,1,1
hold,31.550102,680,691,680,691,0,0,0.000000,1,1,1
hold,31.566364,680,691,680,691,0,0,0.000000,1,1,1
hold,31.586384,684,691,684,691,0,0,0.000000,1,1,1
hold,31.596562,684,691,684,691,0,0,0.000000,1,1,1
hold,31.607124,684,691,684,691,0,0,0.000000,1,1,1
hold,31.618570,689,691,689,691,0,0,0.000000,1,1,1
hold,31.634238,689,691,689,691,0,0,0.000000,1,1,1
hold,31.643487,689,691,689,691,0,0,0.000000,1,1,1
hold,31.653180,700,691,700,691,0,0,0.000000,1,1,1
hold,31.662857,700,691,700,691,0,0,0.000000,1,1,1
hold,31.681933,700,691,700,691,0,0,0.000000,1,1,1
hold,31.689364,700,691,700,691,0,0,0.000000,1,1,1
hold,31.697509,717,691,717,691,0,0,0.000000,1,1,1
hold,31.716777,717,691,717,691,0,0,0.000000,1,1,1
hold,31.731574,717,691,717,691,0,0,0.000000,1,1,1
hold,31.747627,742,691,742,691,0,0,0.000000,1,1,1
hold,31.764908,742,691,742,691,0,0,0.000000,1,1,1
hold,31.777416,742,691,742,691,0,0,0.000000,1,1,1
hold,31.788432,761,691,761,691,0,0,0.000000,1,1,1
hold,31.800080,761,691,761,691,0,0,0.000000,1,1,1
hold,31.820858,761,691,761,691,0,0,0.000000,1,1,1
hold,31.833455,789,691,789,691,0,0,0.000000,1,1,1
hold,31.842454,789,691,789,691,0,0,0.000000,1,1,1
hold,31.854830,789,691,789,691,0,0,0.000000,1,1,1
hold,31.866772,789,691,789,691,0,0,0.000000,1,1,1
hold,31.877019,821,691,821,691,0,0,0.000000,1,1,1
hold,31.886503,821,691,821,691,0,0,0.000000,1,1,1
hold,31.898280,821,691,821,691,0,0,0.000000,1,1,1
hold,31.908017,821,691,821,691,0,0,0.000000,1,1,1
hold,31.928350,865,691,865,691,0,0,0.000000,1,1,1
hold,31.936209,865,691,865,691,0,0,0.000000,1,1,1
hold,31.949849,865,691,865,691,0,0,0.000000,1,1,1
hold,31.963065,883,691,883,691,0,0,0.000000,1,1,1
hold,31.987167,883,691,883,691,0,0,0.000000,1,1,1
hold,32.003193,883,691,883,691,0,0,0.000000,1,1,1
hold,32.014661,883,691,883,691,0,0,0.000000,1,1,1
hold,32.029388,883,691,883,691,0,0,0.000000,1,1,1
hold,32.043874,883,691,883,691,0,0,0.000000,1,1,1
hold,32.057357,883,691,883,691,0,0,0.000000,1,1,1
hold,32.069256,883,691,883,691,0,0,0.000000,1,1,1
hold,32.088625,883,691,883,691,0,0,0.000000,1,1,1
hold,32.106519,883,691,883,691,0,0,0.000000,1,1,1
hold,32.117166,883,691,883,691,0,0,0.000000,1,1,1
hold,32.136626,883,691,883,691,0,0,0.000000,1,1,1
hold,32.146321,883,691,883,691,0,0,0.000000,1,1,1
hold,32.161815,883,691,883,691,0,0,0.000000,1,1,1
hold,32.172168,883,691,883,691,0,0,0.000000,1,1,1
hold,32.188101,883,691,883,691,0,0,0.000000,1,1,1
hold,32.199648,883,671,883,671,0,0,0.000000,1,1,1
hold,32.209910,883,671,883,671,0,0,0.000000,1,1,1
hold,32.222741,883,671,883,671,0,0,0.000000,1,1,1
hold,32.238423,883,671,883,671,0,0,0.000000,1,1,1
hold,32.255626,883,619,883,619,0,0,0.000000,1,1,1
hold,32.273406,883,619,883,619,0,0,0.000000,1,1,1
hold,32.289006,883,619,883,619,0,0,0.000000,1,1,1
hold,32.299093,883,578,883,578,0,0,0.000000,1,1,1
hold,32.316767,883,578,883,578,0,0,0.000000,1,1,1
hold,32.334357,883,578,883,578,0,0,0.000000,1,1,1
hold,32.346766,883,538,883,538,0,0,0.000000,1,1,1
hold,32.366082,883,538,883,538,0,0,0.000000,1,1,1
hold,32.385109,883,538,883,538,0,0,0.000000,1,1,1
hold,32.398071,883,508,883,508,0,0,0.000000,1,1,1
hold,32.416633,883,508,883,508,0,0,0.000000,1,1,1
hold,32.437700,883,508,883,508,0,0,0.000000,1,1,1
hold,32.450088,883,473,883,473,0,0,0.000000,1,1,1
hold,32.460217,883,473,883,473,0,0,0.000000,1,1,1
hold,32.467712,883,473,883,473,0,0,0.000000,1,1,1
hold,32.483729,883,473,883,473,0,0,0.000000,1,1,1
hold,32.495104,883,447,883,447,0,0,0.000000,1,1,1
hold,32.504075,883,447,883,447,0,0,0.000000,1,1,1
hold,32.512086,883,447,883,447,0,0,0.000000,1,1,1
hold,32.525829,883,447,883,447,0,0,0.000000,1,1,1
hold,32.535173,883,422,883,422,0,0,0.000000,1,1,1
hold,32.543917,883,422,883,422,0,0,0.000000,1,1,1
hold,32.552840,883,422,883,422,0,0,0.000000,1,1,1
hold,32.567990,883,422,883,422,0,0,0.000000,1,1,1
hold,32.578600,883,392,883,392,0,0,0.000000,1,1,1
hold,32.587525,883,392,883,392,0,0,0.000000,1,1,1
hold,32.599793,883,392,883,392,0,0,0.000000,1,1,1
hold,32.612303,883,392,883,392,0,0,0.000000,1,1,1
hold,32.619845,883,364,883,364,0,0,0.000000,1,1,1
hold,32.627709,883,364,883,364,0,0,0.000000,1,1,1
hold,32.638654,883,364,883,364,0,0,0.000000,1,1,1
hold,32.653644,883,364,883,364,0,0,0.000000,1,1,1
hold,32.663154,883,336,883,336,0,0,0.000000,1,1,1
hold,32.670702,883,336,883,336,0,0,0.000000,1,1,1
hold,32.679756,883,336,883,336,0,0,0.000000,1,1,1
hold,32.696099,883,336,883,336,0,0,0.000000,1,1,1
hold,32.704799,883,306,883,306,0,0,0.000000,1,1,1
hold,32.718381,883,306,883,306,0,0,0.000000,1,1,1
hold,32.728234,883,306,883,306,0,0,0.000000,1,1,1
hold,32.739908,883,306,883,306,0,0,0.000000,1,1,1
hold,32.748348,883,284,883,284,0,0,0.000000,1,1,1
hold,32.759256,883,284,883,284,0,0,0.000000,1,1,1
hold,32.771907,883,284,883,284,0,0,0.000000,1,1,1
hold,32.785753,883,284,883,284,0,0,0.000000,1,1,1
hold,32.800115,883,264,883,264,0,0,0.000000,1,1,1
hold,32.807667,883,264,883,264,0,0,0.000000,1,1,1
hold,32.827684,883,264,883,264,0,0,0.000000,1,1,1
hold,32.837755,883,264,883,264,0,0,0.000000,1,1,1
hold,32.846007,883,240,883,240,0,0,0.000000,1,1,1
hold,32.857366,883,240,883,240,0,0,0.000000,1,1,1
hold,32.872627,883,240,883,240,0,0,0.000000,1,1,1
hold,32.881141,883,240,883,240,0,0,0.000000,1,1,1
hold,32.888597,883,224,883,224,0,0,0.000000,1,1,1
hold,32.902157,883,224,883,224,0,0,0.000000,1,1,1
hold,32.914227,883,224,883,224,0,0,0.000000,1,1,1
hold,32.923158,883,224,883,224,0,0,0.000000,1,1,1
hold,32.935383,883,209,883,209,0,0,0.000000,1,1,1
hold,32.942729,883,209,883,209,0,0,0.000000,1,1,1
hold,32.956190,883,209,883,209,0,0,0.000000,1,1,1
hold,32.963792,883,209,883,209,0,0,0.000000,1,1,1
hold,32.973237,818,194,818,194,0,0,0.000000,1,1,1
hold,32.985392,818,194,818,194,0,0,0.000000,1,1,1
hold,32.999061,818,194,818,194,0,0,0.000000,1,1,1
hold,33.006620,818,194,818,194,0,0,0.000000,1,1,1
hold,33.019226,711,176,711,176,0,0,0.000000,1,1,1
hold,33.029012,711,176,711,176,0,0,0.000000,1,1,1
hold,33.042472,711,176,711,176,0,0,0.000000,1,1,1
hold,33.056235,711,176,711,176,0,0,0.000000,1,1,1
hold,33.063469,627,160,627,160,0,0,0.000000,1,1,1
hold,33.075539,627,160,627,160,0,0,0.000000,1,1,1
hold,33.089667,627,160,627,160,0,0,0.000000,1,1,1
hold,33.099030,627,160,627,160,0,0,0.000000,1,1,1
hold,33.108906,539,138,539,138,0,0,0.000000,1,1,1
hold,33.118669,539,138,539,138,0,0,0.000000,1,1,1
hold,33.134813,539,138,539,138,0,0,0.000000,1,1,1
hold,33.143768,539,138,539,138,0,0,0.000000,1,1,1
hold,33.153925,461,115,461,115,0,0,0.000000,1,1,1
hold,33.165345,461,115,461,115,0,0,0.000000,1,1,1
hold,33.176658,461,115,461,115,0,0,0.000000,1,1,1
hold,33.185964,461,115,461,115,0,0,0.000000,1,1,1
hold,33.197176,401,96,401,96,0,0,0.000000,1,1,1
hold,33.205111,401,96,401,96,0,0,0.000000,1,1,1
hold,33.220787,401,96,401,96,0,0,0.000000,1,1,1
hold,33.230750,401,96,401,96,0,0,0.000000,1,1,1
hold,33.244017,339,76,339,76,0,0,0.000000,1,1,1
hold,33.259963,339,76,339,76,0,0,0.000000,1,1,1
hold,33.269678,339,76,339,76,0,0,0.000000,1,1,1
hold,33.278233,259,53,259,53,0,0,0.000000,1,1,1
hold,33.288528,259,53,259,53,0,0,0.000000,1,1,1
hold,33.301507,259,53,259,53,0,0,0.000000,1,1,1
hold,33.310206,259,53,259,53,0,0,0.000000,1,1,1
hold,33.317700,199,39,199,39,0,0,0.000000,1,1,1
hold,33.330025,199,39,199,39,0,0,0.000000,1,1,1
hold,33.341768,199,39,199,39,0,0,0.000000,1,1,1
hold,33.349103,199,39,199,39,0,0,0.000000,1,1,1
hold,33.358821,114,28,114,28,0,0,0.000000,1,1,1
hold,33.371535,114,28,114,28,0,0,0.000000,1,1,1
hold,33.387396,114,28,114,28,0,0,0.000000,1,1,1
hold,33.396163,114,28,114,28,0,0,0.000000,1,1,1
hold,33.407684,28,28,28,28,0,0,0.000000,1,1,1
hold,33.416533,28,28,28,28,0,0,0.000000,1,1,1
hold,33.434307,28,28,28,28,0,0,0.000000,1,1,1
hold,33.446881,28,28,28,28,0,0,0.000000,1,1,1
hold,33.455050,75,28,75,28,0,0,0.000000,1,1,1
hold,33.466824,75,28,75,28,0,0,0.000000,1,1,1
hold,33.480421,75,28,75,28,0,0,0.000000,1,1,1
hold,33.487764,75,28,75,28,0,0,0.000000,1,1,1
hold,33.500036,199,39,199,39,0,0,0.000000,1,1,1
hold,33.507553,199,39,199,39,0,0,0.000000,1,1,1
hold,33.522573,199,39,199,39,0,0,0.000000,1,1,1
hold,33.531816,199,39,199,39,0,0,0.000000,1,1,1
hold,33.541337,287,61,287,61,0,0,0.000000,1,1,1
hold,33.551838,287,61,287,61,0,0,0.000000,1,1,1
hold,33.563487,287,61,287,61,0,0,0.000000,1,1,1
hold,33.575614,287,61,287,61,0,0,0.000000,1,1,1
hold,33.585554,364,84,364,84,0,0,0.000000,1,1,1
hold,33.599957,364,84,364,84,0,0,0.000000,1,1,1
hold,33.611052,364,84,364,84,0,0,0.000000,1,1,1
hold,33.618604,413,100,413,100,0,0,0.000000,1,1,1
hold,33.629271,413,100,413,100,0,0,0.000000,1,1,1
hold,33.636619,413,100,413,100,0,0,0.000000,1,1,1
hold,33.651829,413,100,413,100,0,0,0.000000,1,1,1
hold,33.661423,461,115,461,115,0,0,0.000000,1,1,1
hold,33.668658,461,115,461,115,0,0,0.000000,1,1,1
hold,33.681542,461,115,461,115,0,0,0.000000,1,1,1
hold,33.694350,461,115,461,115,0,0,0.000000,1,1,1
hold,33.702390,525,135,525,135,0,0,0.000000,1,1,1
hold,33.713168,525,135,525,135,0,0,0.000000,1,1,1
hold,33.721053,525,135,525,135,0,0,0.000000,1,1,1
hold,33.737161,525,135,525,135,0,0,0.000000,1,1,1
hold,33.745593,596,153,596,153,0,0,0.000000,1,1,1
hold,33.753627,596,153,596,153,0,0,0.000000,1,1,1
hold,33.765839,596,153,596,153,0,0,0.000000,1,1,1
hold,33.779279,596,153,596,153,0,0,0.000000,1,1,1
hold,33.788320,693,173,693,173,0,0,0.000000,1,1,1
hold,33.795568,693,173,693,173,0,0,0.000000,1,1,1
hold,33.803703,693,173,693,173,0,0,0.000000,1,1,1
hold,33.816009,693,173,693,173,0,0,0.000000,1,1,1
hold,33.830887,782,188,782,188,0,0,0.000000,1,1,1
hold,33.837395,782,188,782,188,0,0,0.000000,1,1,1
hold,33.850038,782,188,782,188,0,0,0.000000,1,1,1
hold,33.863202,874,203,874,203,0,0,0.000000,1,1,1
hold,33.874745,874,203,874,203,0,0,0.000000,1,1,1
hold,33.884047,874,203,874,203,0,0,0.000000,1,1,1
hold,33.895267,874,203,874,203,0,0,0.000000,1,1,1
hold,33.902607,883,218,883,218,0,0,0.000000,1,1,1
hold,33.916010,883,218,883,218,0,0,0.000000,1,1,1
hold,33.925528,883,218,883,218,0,0,0.000000,1,1,1
hold,33.935183,883,218,883,218,0,0,0.000000,1,1,1
hold,33.945443,883,233,883,233,0,0,0.000000,1,1,1
hold,33.960114,883,233,883,233,0,0,0.000000,1,1,1
hold,33.967615,883,233,883,233,0,0,0.000000,1,1,1
hold,33.977210,883,233,883,233,0,0,0.000000,1,1,1
hold,33.988141,883,250,883,250,0,0,0.000000,1,1,1
hold,34.002924,883,250,883,250,0,0,0.000000,1,1,1
hold,34.016744,883,250,883,250,0,0,0.000000,1,1,1
hold,34.023352,883,268,883,268,0,0,0.000000,1,1,1
hold,34.034127,883,268,883,268,0,0,0.000000,1,1,1
hold,34.045380,883,268,883,268,0,0,0.000000,1,1,1
hold,34.052341,883,268,883,268,0,0,0.000000,1,1,1
hold,34.063151,883,284,883,284,0,0,0.000000,1,1,1
hold,34.070670,883,284,883,284,0,0,0.000000,1,1,1
hold,34.086814,883,284,883,284,0,0,0.000000,1,1,1
hold,34.097396,883,284,883,284,0,0,0.000000,1,1,1
hold,34.110171,883,311,883,311,0,0,0.000000,1,1,1
hold,34.129988,883,311,883,311,0,0,0.000000,1,1,1
hold,34.139873,883,311,883,311,0,0,0.000000,1,1,1
hold,34.147544,883,336,883,336,0,0,0.000000,1,1,1
hold,34.158508,883,336,883,336,0,0,0.000000,1,1,1
hold,34.173955,883,336,883,336,0,0,0.000000,1,1,1
hold,34.184113,883,336,883,336,0,0,0.000000,1,1,1
hold,34.191721,883,364,883,364,0,0,0.000000,1,1,1
hold,34.205475,883,364,883,364,0,0,0.000000,1,1,1
hold,34.220942,883,364,883,364,0,0,0.000000,1,1,1
hold,34.232287,883,364,883,364,0,0,0.000000,1,1,1
hold,34.241593,883,392,883,392,0,0,0.000000,1,1,1
hold,34.251776,883,392,883,392,0,0,0.000000,1,1,1
hold,34.265090,883,392,883,392,0,0,0.000000,1,1,1
hold,34.273511,883,392,883,392,0,0,0.000000,1,1,1
hold,34.284002,883,434,883,434,0,0,0.000000,1,1,1
hold,34.295513,883,434,883,434,0,0,0.000000,1,1,1
hold,34.307162,883,434,883,434,0,0,0.000000,1,1,1
hold,34.316682,883,434,883,434,0,0,0.000000,1,1,1
hold,34.325872,883,466,883,466,0,0,0.000000,1,1,1
hold,34.335172,883,466,883,466,0,0,0.000000,1,1,1
hold,34.346179,883,466,883,466,0,0,0.000000,1,1,1
hold,34.353870,883,466,883,466,0,0,0.000000,1,1,1
hold,34.363698,883,501,883,501,0,0,0.000000,1,1,1
hold,34.375662,883,501,883,501,0,0,0.000000,1,1,1
hold,34.389778,883,501,883,501,0,0,0.000000,1,1,1
hold,34.397637,883,501,883,501,0,0,0.000000,1,1,1
hold,34.410513,883,538,883,538,0,0,0.000000,1,1,1
hold,34.418669,883,538,883,538,0,0,0.000000,1,1,1
hold,34.435991,883,538,883,538,0,0,0.000000,1,1,1
hold,34.444839,883,538,883,538,0,0,0.000000,1,1,1
hold,34.454648,883,578,883,578,0,0,0.000000,1,1,1
hold,34.464204,883,578,883,578,0,0,0.000000,1,1,1
hold,34.477687,883,578,883,578,0,0,0.000000,1,1,1
hold,34.487258,883,578,883,578,0,0,0.000000,1,1,1
hold,34.495657,883,628,883,628,0,0,0.000000,1,1,1
hold,34.508618,883,628,883,628,0,0,0.000000,1,1,1
hold,34.521843,883,628,883,628,0,0,0.000000,1,1,1
hold,34.529483,883,628,883,628,0,0,0.000000,1,1,1
hold,34.537581,883,662,883,662,0,0,0.000000,1,1,1
hold,34.546458,883,662,883,662,0,0,0.000000,1,1,1
hold,34.562446,883,662,883,662,0,0,0.000000,1,1,1
hold,34.572379,883,662,883,662,0,0,0.000000,1,1,1
hold,34.583644,883,691,883,691,0,0,0.000000,1,1,1
hold,34.602152,883,691,883,691,0,0,0.000000,1,1,1
hold,34.611274,883,691,883,691,0,0,0.000000,1,1,1
hold,34.621523,883,691,883,691,0,0,0.000000,1,1,1
hold,34.631107,883,691,883,691,0,0,0.000000,1,1,1
hold,34.643203,883,691,883,691,0,0,0.000000,1,1,1
hold,34.650858,883,691,883,691,0,0,0.000000,1,1,1
hold,34.658340,883,691,883,691,0,0,0.000000,1,1,1
hold,34.671963,883,691,883,691,0,0,0.000000,1,1,1
hold,34.689922,883,691,883,691,0,0,0.000000,1,1,1
hold,34.697358,883,691,883,691,0,0,0.000000,1,1,1
hold,34.711406,883,691,883,691,0,0,0.000000,1,1,1
hold,34.719391,883,691,883,691,0,0,0.000000,1,1,1
hold,34.735055,883,691,883,691,0,0,0.000000,1,1,1
hold,34.741444,883,691,883,691,0,0,0.000000,1,1,1
hold,34.751386,846,691,846,691,0,0,0.000000,1,1,1
hold,34.762588,846,691,846,691,0,0,0.000000,1,1,1
hold,34.776785,846,691,846,691,0,0,0.000000,1,1,1
hold,34.788186,846,691,846,691,0,0,0.000000,1,1,1
hold,34.796992,804,691,804,691,0,0,0.000000,1,1,1
hold,34.806263,804,691,804,691,0,0,0.000000,1,1,1
hold,34.822494,804,691,804,691,0,0,0.000000,1,1,1
hold,34.831577,804,691,804,691,0,0,0.000000,1,1,1
hold,34.843456,775,691,775,691,0,0,0.000000,1,1,1
hold,34.850840,775,691,775,691,0,0,0.000000,1,1,1
hold,34.864633,775,691,775,691,0,0,0.000000,1,1,1
hold,34.873929,775,691,775,691,0,0,0.000000,1,1,1
hold,34.885058,737,691,737,691,0,0,0.000000,1,1,1
hold,34.892656,737,691,737,691,0,0,0.000000,1,1,1
hold,34.906126,737,691,737,691,0,0,0.000000,1,1,1
hold,34.913365,737,691,737,691,0,0,0.000000,1,1,1
hold,34.926582,712,691,712,691,0,0,0.000000,1,1,1
hold,34.938268,712,691,712,691,0,0,0.000000,1,1,1
hold,34.949764,712,691,712,691,0,0,0.000000,1,1,1
hold,34.962945,712,691,712,691,0,0,0.000000,1,1,1
hold,34.971113,694,691,694,691,0,0,0.000000,1,1,1
hold,34.980289,694,691,694,691,0,0,0.000000,1,1,1
hold,34.991526,694,691,694,691,0,0,0.000000,1,1,1
hold,34.998903,694,691,694,691,0,0,0.000000,1,1,1
hold,35.008513,685,691,685,691,0,0,0.000000,1,1,1
hold,35.017645,685,691,685,691,0,0,0.000000,1,1,1
hold,35.036543,685,691,685,691,0,0,0.000000,1,1,1
hold,35.045541,685,691,685,691,0,0,0.000000,1,1,1
hold,35.054419,680,691,680,691,0,0,0.000000,1,1,1
hold,35.063297,680,691,680,691,0,0,0.000000,1,1,1
hold,35.079297,680,691,680,691,0,0,0.000000,1,1,1
hold,35.088643,680,691,680,691,0,0,0.000000,1,1,1
hold,35.095836,683,691,683,691,0,0,0.000000,1,1,1
hold,35.108193,683,691,683,691,0,0,0.000000,1,1,1
hold,35.118483,683,691,683,691,0,0,0.000000,1,1,1
hold,35.129056,683,691,683,691,0,0,0.000000,1,1,1
hold,35.138501,693,691,693,691,0,0,0.000000,1,1,1
hold,35.150121,693,691,693,691,0,0,0.000000,1,1,1
hold,35.166644,693,691,693,691,0,0,0.000000,1,1,1
hold,35.177108,693,691,693,691,0,0,0.000000,1,1,1
hold,35.185296,714,691,714,691,0,0,0.000000,1,1,1
hold,35.199483,714,691,714,691,0,0,0.000000,1,1,1
hold,35.210658,714,691,714,691,0,0,0.000000,1,1,1
hold,35.219326,714,691,714,691,0,0,0.000000,1,1,1
hold,35.229062,738,691,738,691,0,0,0.000000,1,1,1
hold,35.237338,738,691,738,691,0,0,0.000000,1,1,1
hold,35.252692,738,691,738,691,0,0,0.000000,1,1,1
hold,35.263203,738,691,738,691,0,0,0.000000,1,1,1
hold,35.270521,771,691,771,691,0,0,0.000000,1,1,1
hold,35.283262,771,691,771,691,0,0,0.000000,1,1,1
hold,35.295992,771,691,771,691,0,0,0.000000,1,1,1
hold,35.304110,771,691,771,691,0,0,0.000000,1,1,1
hold,35.315703,802,691,802,691,0,0,0.000000,1,1,1
hold,35.323352,802,691,802,691,0,0,0.000000,1,1,1
hold,35.338472,802,691,802,691,0,0,0.000000,1,1,1
hold,35.349800,802,691,802,691,0,0,0.000000,1,1,1
hold,35.356539,839,691,839,691,0,0,0.000000,1,1,1
hold,35.368578,839,691,839,691,0,0,0.000000,1,1,1
hold,35.384646,839,691,839,691,0,0,0.000000,1,1,1
hold,35.398348,839,691,839,691,0,0,0.000000,1,1,1
hold,35.407003,869,648,869,648,0,0,0.000000,1,1,1
hold,35.426220,869,648,869,648,0,0,0.000000,1,1,1
hold,35.438197,869,648,869,648,0,0,0.000000,1,1,1
hold,35.446390,883,585,883,585,0,0,0.000000,1,1,1
hold,35.458334,883,585,883,585,0,0,0.000000,1,1,1
hold,35.471299,883,585,883,585,0,0,0.000000,1,1,1
hold,35.480330,883,585,883,585,0,0,0.000000,1,1,1
hold,35.491485,883,548,883,548,0,0,0.000000,1,1,1
hold,35.498821,883,548,883,548,0,0,0.000000,1,1,1
hold,35.515061,883,548,883,548,0,0,0.000000,1,1,1
hold,35.523251,883,548,883,548,0,0,0.000000,1,1,1
hold,35.530380,883,500,883,500,0,0,0.000000,1,1,1
hold,35.542290,883,500,883,500,0,0,0.000000,1,1,1
hold,35.558277,883,500,883,500,0,0,0.000000,1,1,1
hold,35.567468,883,500,883,500,0,0,0.000000,1,1,1
hold,35.577756,883,464,883,464,0,0,0.000000,1,1,1
hold,35.589500,883,464,883,464,0,0,0.000000,1,1,1
hold,35.602913,883,464,883,464,0,0,0.000000,1,1,1
hold,35.610305,883,464,883,464,0,0,0.000000,1,1,1
hold,35.619881,883,413,883,413,0,0,0.000000,1,1,1
hold,35.629233,883,413,883,413,0,0,0.000000,1,1,1
hold,35.644237,883,413,883,413,0,0,0.000000,1,1,1
hold,35.653159,883,413,883,413,0,0,0.000000,1,1,1
hold,35.663996,883,373,883,373,0,0,0.000000,1,1,1
hold,35.672409,883,373,883,373,0,0,0.000000,1,1,1
hold,35.687700,883,373,883,373,0,0,0.000000,1,1,1
hold,35.697314,883,373,883,373,0,0,0.000000,1,1,1
hold,35.705267,883,336,883,336,0,0,0.000000,1,1,1
hold,35.714930,883,336,883,336,0,0,0.000000,1,1,1
hold,35.728661,883,336,883,336,0,0,0.000000,1,1,1
hold,35.737635,883,336,883,336,0,0,0.000000,1,1,1
hold,35.751149,883,284,883,284,0,0,0.000000,1,1,1
hold,35.758548,883,284,883,284,0,0,0.000000,1,1,1
hold,35.770195,883,284,883,284,0,0,0.000000,1,1,1
hold,35.784454,883,284,883,284,0,0,0.000000,1,1,1
hold,35.793126,883,221,883,221,0,0,0.000000,1,1,1
hold,35.804550,883,221,883,221,0,0,0.000000,1,1,1
hold,35.812990,883,221,883,221,0,0,0.000000,1,1,1
hold,35.827310,883,221,883,221,0,0,0.000000,1,1,1
hold,35.836286,883,206,883,206,0,0,0.000000,1,1,1
hold,35.849946,883,206,883,206,0,0,0.000000,1,1,1
hold,35.857662,883,206,883,206,0,0,0.000000,1,1,1
hold,35.871119,883,206,883,206,0,0,0.000000,1,1,1
hold,35.878675,883,272,883,272,0,0,0.000000,1,1,1
hold,35.892126,883,272,883,272,0,0,0.000000,1,1,1
hold,35.905538,883,272,883,272,0,0,0.000000,1,1,1
hold,35.917198,883,272,883,272,0,0,0.000000,1,1,1
hold,35.926914,883,327,883,327,0,0,0.000000,1,1,1
hold,35.935604,883,327,883,327,0,0,0.000000,1,1,1
hold,35.949924,883,327,883,327,0,0,0.000000,1,1,1
hold,35.961144,883,327,883,327,0,0,0.000000,1,1,1
hold,35.968689,883,381,883,381,0,0,0.000000,1,1,1
hold,35.981342,883,381,883,381,0,0,0.000000,1,1,1
hold,35.989356,883,381,883,381,0,0,0.000000,1,1,1
hold,36.004511,883,381,883,381,0,0,0.000000,1,1,1
hold,36.013900,883,428,883,428,0,0,0.000000,1,1,1
hold,36.026243,883,428,883,428,0,0,0.000000,1,1,1
hold,36.034079,883,428,883,428,0,0,0.000000,1,1,1
hold,36.046119,883,428,883,428,0,0,0.000000,1,1,1
hold,36.054043,883,471,883,471,0,0,0.000000,1,1,1
hold,36.065689,883,471,883,471,0,0,0.000000,1,1,1
hold,36.074223,883,471,883,471,0,0,0.000000,1,1,1
hold,36.088325,883,471,883,471,0,0,0.000000,1,1,1
hold,36.097484,883,508,883,508,0,0,0.000000,1,1,1
hold,36.110364,883,508,883,508,0,0,0.000000,1,1,1
hold,36.117642,883,508,883,508,0,0,0.000000,1,1,1
hold,36.131765,883,508,883,508,0,0,0.000000,1,1,1
hold,36.140895,883,548,883,548,0,0,0.000000,1,1,1
hold,36.150539,883,548,883,548,0,0,0.000000,1,1,1
hold,36.161076,883,548,883,548,0,0,0.000000,1,1,1
hold,36.173025,883,548,883,548,0,0,0.000000,1,1,1
hold,36.181810,883,595,883,595,0,0,0.000000,1,1,1
hold,36.195522,883,595,883,595,0,0,0.000000,1,1,1
hold,36.202732,883,595,883,595,0,0,0.000000,1,1,1
hold,36.214764,883,595,883,595,0,0,0.000000,1,1,1
hold,36.228130,869,648,869,648,0,0,0.000000,1,1,1
hold,36.237376,869,648,869,648,0,0,0.000000,1,1,1
hold,36.244617,869,648,869,648,0,0,0.000000,1,1,1
hold,36.256146,869,648,869,648,0,0,0.000000,1,1,1
hold,36.263259,833,691,833,691,0,0,0.000000,1,1,1
hold,36.275471,833,691,833,691,0,0,0.000000,1,1,1
hold,36.285326,833,691,833,691,0,0,0.000000,1,1,1
hold,36.299158,833,691,833,691,0,0,0.000000,1,1,1
hold,36.306642,808,691,808,691,0,0,0.000000,1,1,1
hold,36.318564,808,691,808,691,0,0,0.000000,1,1,1
hold,36.331499,808,691,808,691,0,0,0.000000,1,1,1
hold,36.342322,808,691,808,691,0,0,0.000000,1,1,1
hold,36.351086,777,691,777,691,0,0,0.000000,1,1,1
hold,36.358751,777,691,777,691,0,0,0.000000,1,1,1
hold,36.371150,777,691,777,691,0,0,0.000000,1,1,1
hold,36.386421,777,691,777,691,0,0,0.000000,1,1,1
hold,36.394964,743,691,743,691,0,0,0.000000,1,1,1
hold,36.408364,743,691,743,691,0,0,0.000000,1,1,1
hold,36.415670,743,691,743,691,0,0,0.000000,1,1,1
hold,36.429710,743,691,743,691,0,0,0.000000,1,1,1
hold,36.439632,719,691,719,691,0,0,0.000000,1,1,1
hold,36.446498,719,691,719,691,0,0,0.000000,1,1,1
hold,36.454502,719,691,719,691,0,0,0.000000,1,1,1
hold,36.471012,719,691,719,691,0,0,0.000000,1,1,1
hold,36.479639,719,691,719,691,0,0,0.000000,1,1,1
hold,36.488996,699,691,699,691,0,0,0.000000,1,1,1
hold,36.499970,699,691,699,691,0,0,0.000000,1,1,1
hold,36.513267,699,691,699,691,0,0,0.000000,1,1,1
hold,36.522258,699,691,699,691,0,0,0.000000,1,1,1
hold,36.535413,683,691,683,691,0,0,0.000000,1,1,1
hold,36.553389,683,691,683,691,0,0,0.000000,1,1,1
hold,36.563288,683,691,683,691,0,0,0.000000,1,1,1
hold,36.570712,680,691,680,691,0,0,0.000000,1,1,1
hold,36.581389,680,691,680,691,0,0,0.000000,1,1,1
hold,36.597212,680,691,680,691,0,0,0.000000,1,1,1
hold,36.607414,680,691,680,691,0,0,0.000000,1,1,1
hold,36.616677,684,691,684,691,0,0,0.000000,1,1,1
hold,36.627300,684,691,684,691,0,0,0.000000,1,1,1
hold,36.642528,684,691,684,691,0,0,0.000000,1,1,1
hold,36.651048,684,691,684,691,0,0,0.000000,1,1,1
hold,36.662964,694,691,694,691,0,0,0.000000,1,1,1
hold,36.670655,694,691,694,691,0,0,0.000000,1,1,1
hold,36.686881,694,691,694,691,0,0,0.000000,1,1,1
hold,36.700021,694,691,694,691,0,0,0.000000,1,1,1
hold,36.713308,717,691,717,691,0,0,0.000000,1,1,1
hold,36.720878,717,691,717,691,0,0,0.000000,1,1,1
hold,36.735732,717,691,717,691,0,0,0.000000,1,1,1
hold,36.744763,717,691,717,691,0,0,0.000000,1,1,1
hold,36.754783,742,691,742,691,0,0,0.000000,1,1,1
hold,36.764587,742,691,742,691,0,0,0.000000,1,1,1
hold,36.777119,742,691,742,691,0,0,0.000000,1,1,1
hold,36.788668,742,691,742,691,0,0,0.000000,1,1,1
hold,36.797858,775,691,775,691,0,0,0.000000,1,1,1
hold,36.811812,775,691,775,691,0,0,0.000000,1,1,1
hold,36.823593,775,691,775,691,0,0,0.000000,1,1,1
hold,36.830264,775,691,775,691,0,0,0.000000,1,1,1
hold,36.842528,804,691,804,691,0,0,0.000000,1,1,1
hold,36.852003,804,691,804,691,0,0,0.000000,1,1,1
hold,36.865722,804,691,804,691,0,0,0.000000,1,1,1
hold,36.876825,804,691,804,691,0,0,0.000000,1,1,1
hold,36.885637,855,691,855,691,0,0,0.000000,1,1,1
hold,36.894760,855,691,855,691,0,0,0.000000,1,1,1
hold,36.904447,855,691,855,691,0,0,0.000000,1,1,1
hold,36.913766,855,691,855,691,0,0,0.000000,1,1,1
hold,36.923624,883,691,883,691,0,0,0.000000,1,1,1
hold,36.932415,883,691,883,691,0,0,0.000000,1,1,1
hold,36.947572,883,691,883,691,0,0,0.000000,1,1,1
hold,36.954468,883,691,883,691,0,0,0.000000,1,1,1
hold,36.964401,883,691,883,691,0,0,0.000000,1,1,1
hold,36.973464,883,691,883,691,0,0,0.000000,1,1,1
hold,36.989323,883,691,883,691,0,0,0.000000,1,1,1
hold,37.000971,883,691,883,691,0,0,0.000000,1,1,1
hold,37.008285,883,691,883,691,0,0,0.000000,1,1,1
hold,37.019999,883,691,883,691,0,0,0.000000,1,1,1
hold,37.037406,883,691,883,691,0,0,0.000000,1,1,1
hold,37.046103,883,691,883,691,0,0,0.000000,1,1,1
hold,37.053340,883,691,883,691,0,0,0.000000,1,1,1
hold,37.065748,883,691,883,691,0,0,0.000000,1,1,1
hold,37.081505,883,691,883,691,0,0,0.000000,1,1,1
hold,37.090226,883,680,883,680,0,0,0.000000,1,1,1
hold,37.102129,883,680,883,680,0,0,0.000000,1,1,1
hold,37.115812,883,680,883,680,0,0,0.000000,1,1,1
hold,37.126965,883,680,883,680,0,0,0.000000,1,1,1
hold,37.136614,883,636,883,636,0,0,0.000000,1,1,1
hold,37.149849,883,636,883,636,0,0,0.000000,1,1,1
hold,37.157632,883,636,883,636,0,0,0.000000,1,1,1
hold,37.171486,883,636,883,636,0,0,0.000000,1,1,1
hold,37.184444,883,586,883,586,0,0,0.000000,1,1,1
hold,37.191807,883,586,883,586,0,0,0.000000,1,1,1
hold,37.205895,883,586,883,586,0,0,0.000000,1,1,1
hold,37.217561,883,586,883,586,0,0,0.000000,1,1,1
hold,37.227306,883,546,883,546,0,0,0.000000,1,1,1
hold,37.238367,883,546,883,546,0,0,0.000000,1,1,1
hold,37.245510,883,546,883,546,0,0,0.000000,1,1,1
hold,37.260452,883,546,883,546,0,0,0.000000,1,1,1
hold,37.270781,883,501,883,501,0,0,0.000000,1,1,1
hold,37.279820,883,501,883,501,0,0,0.000000,1,1,1
hold,37.295243,883,501,883,501,0,0,0.000000,1,1,1
hold,37.307482,883,501,883,501,0,0,0.000000,1,1,1
hold,37.316928,883,466,883,466,0,0,0.000000,1,1,1
hold,37.333667,883,466,883,466,0,0,0.000000,1,1,1
hold,37.350649,883,466,883,466,0,0,0.000000,1,1,1
hold,37.367121,883,434,883,434,0,0,0.000000,1,1,1
hold,37.376622,883,434,883,434,0,0,0.000000,1,1,1
hold,37.395346,883,434,883,434,0,0,0.000000,1,1,1
hold,37.412535,883,434,883,434,0,0,0.000000,1,1,1
hold,37.420662,883,404,883,404,0,0,0.000000,1,1,1
hold,37.442932,883,404,883,404,0,0,0.000000,1,1,1
hold,37.455658,883,404,883,404,0,0,0.000000,1,1,1
hold,37.468698,883,370,883,370,0,0,0.000000,1,1,1
hold,37.491962,883,370,883,370,0,0,0.000000,1,1,1
hold,37.502009,883,370,883,370,0,0,0.000000,1,1,1
hold,37.515057,883,347,883,347,0,0,0.000000,1,1,1
hold,37.536133,883,347,883,347,0,0,0.000000,1,1,1
hold,37.549925,883,347,883,347,0,0,0.000000,1,1,1
hold,37.566705,883,331,883,331,0,0,0.000000,1,1,1
hold,37.582336,883,331,883,331,0,0,0.000000,1,1,1
hold,37.594908,883,331,883,331,0,0,0.000000,1,1,1
hold,37.604964,883,306,883,306,0,0,0.000000,1,1,1
hold,37.619863,883,306,883,306,0,0,0.000000,1,1,1
hold,37.634988,883,306,883,306,0,0,0.000000,1,1,1
hold,37.650286,883,288,883,288,0,0,0.000000,1,1,1
hold,37.663613,883,288,883,288,0,0,0.000000,1,1,1
hold,37.679312,883,288,883,288,0,0,0.000000,1,1,1
hold,37.697588,883,272,883,272,0,0,0.000000,1,1,1
hold,37.715279,883,272,883,272,0,0,0.000000,1,1,1
hold,37.730201,883,257,883,257,0,0,0.000000,1,1,1
hold,37.740700,883,257,883,257,0,0,0.000000,1,1,1
hold,37.755009,883,257,883,257,0,0,0.000000,1,1,1
hold,37.772300,883,246,883,246,0,0,0.000000,1,1,1
hold,37.781688,883,246,883,246,0,0,0.000000,1,1,1
hold,37.791819,883,246,883,246,0,0,0.000000,1,1,1
hold,37.811122,883,246,883,246,0,0,0.000000,1,1,1
hold,37.827119,883,230,883,230,0,0,0.000000,1,1,1
hold,37.842421,883,230,883,230,0,0,0.000000,1,1,1
hold,37.856398,883,230,883,230,0,0,0.000000,1,1,1
hold,37.869464,883,215,883,215,0,0,0.000000,1,1,1
hold,37.879711,883,215,883,215,0,0,0.000000,1,1,1
hold,37.890036,883,215,883,215,0,0,0.000000,1,1,1
hold,37.909525,855,200,855,200,0,0,0.000000,1,1,1
hold,37.923089,855,200,855,200,0,0,0.000000,1,1,1
hold,37.931463,855,200,855,200,0,0,0.000000,1,1,1
hold,37.944833,782,188,782,188,0,0,0.000000,1,1,1
hold,37.979751,782,188,782,188,0,0,0.000000,1,1,1
hold,37.989159,782,188,782,188,0,0,0.000000,1,1,1
hold,38.005188,693,173,693,173,0,0,0.000000,1,1,1
hold,38.021507,693,173,693,173,0,0,0.000000,1,1,1
hold,38.036405,693,173,693,173,0,0,0.000000,1,1,1
hold,38.055682,627,160,627,160,0,0,0.000000,1,1,1
hold,38.068135,627,160,627,160,0,0,0.000000,1,1,1
hold,38.083896,627,160,627,160,0,0,0.000000,1,1,1
hold,38.098131,567,146,567,146,0,0,0.000000,1,1,1
hold,38.110238,567,146,567,146,0,0,0.000000,1,1,1
hold,38.123789,567,146,567,146,0,0,0.000000,1,1,1
hold,38.136806,567,146,567,146,0,0,0.000000,1,1,1
hold,38.154589,486,123,486,123,0,0,0.000000,1,1,1
hold,38.164499,486,123,486,123,0,0,0.000000,1,1,1
hold,38.179724,486,123,486,123,0,0,0.000000,1,1,1
hold,38.188677,425,104,425,104,0,0,0.000000,1,1,1
hold,38.199878,425,104,425,104,0,0,0.000000,1,1,1
hold,38.215215,425,104,425,104,0,0,0.000000,1,1,1
hold,38.233620,389,92,389,92,0,0,0.000000,1,1,1
hold,38.247924,389,92,389,92,0,0,0.000000,1,1,1
hold,38.266752,389,92,389,92,0,0,0.000000,1,1,1
hold,38.278601,339,76,339,76,0,0,0.000000,1,1,1
hold,38.290957,339,76,339,76,0,0,0.000000,1,1,1
hold,38.303340,339,76,339,76,0,0,0.000000,1,1,1
hold,38.314569,287,61,287,61,0,0,0.000000,1,1,1
hold,38.334279,287,61,287,61,0,0,0.000000,1,1,1
hold,38.343846,287,61,287,61,0,0,0.000000,1,1,1
hold,38.352361,215,43,215,43,0,0,0.000000,1,1,1
hold,38.369683,215,43,215,43,0,0,0.000000,1,1,1
hold,38.385442,215,43,215,43,0,0,0.000000,1,1,1
hold,38.397967,167,33,167,33,0,0,0.000000,1,1,1
hold,38.409516,167,33,167,33,0,0,0.000000,1,1,1
hold,38.429377,167,33,167,33,0,0,0.000000,1,1,1
hold,38.440293,167,33,167,33,0,0,0.000000,1,1,1
hold,38.452598,95,28,95,28,0,0,0.000000,1,1,1
hold,38.476752,95,28,95,28,0,0,0.000000,1,1,1
hold,38.490039,95,28,95,28,0,0,0.000000,1,1,1
hold,38.500568,28,28,28,28,0,0,0.000000,1,1,1
hold,38.516455,28,28,28,28,0,0,0.000000,1,1,1
hold,38.528238,28,28,28,28,0,0,0.000000,1,1,1
hold,38.548022,55,28,55,28,0,0,0.000000,1,1,1
hold,38.562759,55,28,55,28,0,0,0.000000,1,1,1
hold,38.577306,55,28,55,28,0,0,0.000000,1,1,1
hold,38.587709,114,28,114,28,0,0,0.000000,1,1,1
hold,38.597965,114,28,114,28,0,0,0.000000,1,1,1
hold,38.609528,114,28,114,28,0,0,0.000000,1,1,1
hold,38.622521,114,28,114,28,0,0,0.000000,1,1,1
hold,38.632545,183,36,183,36,0,0,0.000000,1,1,1
hold,38.648154,183,36,183,36,0,0,0.000000,1,1,1
hold,38.664737,183,36,183,36,0,0,0.000000,1,1,1
hold,38.683789,183,36,183,36,0,0,0.000000,1,1,1
hold,38.695687,245,50,245,50,0,0,0.000000,1,1,1
hold,38.708214,245,50,245,50,0,0,0.000000,1,1,1
hold,38.721785,245,50,245,50,0,0,0.000000,1,1,1
hold,38.737711,314,68,314,68,0,0,0.000000,1,1,1
hold,38.754992,314,68,314,68,0,0,0.000000,1,1,1
hold,38.764083,314,68,314,68,0,0,0.000000,1,1,1
hold,38.782956,376,88,376,88,0,0,0.000000,1,1,1
hold,38.799811,376,88,376,88,0,0,0.000000,1,1,1
hold,38.815147,376,88,376,88,0,0,0.000000,1,1,1
hold,38.833948,425,104,425,104,0,0,0.000000,1,1,1
hold,38.849138,425,104,425,104,0,0,0.000000,1,1,1
hold,38.863364,425,104,425,104,0,0,0.000000,1,1,1
hold,38.873889,486,123,486,123,0,0,0.000000,1,1,1
hold,38.891310,486,123,486,123,0,0,0.000000,1,1,1
hold,38.899940,486,123,486,123,0,0,0.000000,1,1,1
hold,38.914643,525,135,525,135,0,0,0.000000,1,1,1
hold,38.935660,525,135,525,135,0,0,0.000000,1,1,1
hold,38.949983,525,135,525,135,0,0,0.000000,1,1,1
hold,38.960664,596,153,596,153,0,0,0.000000,1,1,1
hold,38.972413,596,153,596,153,0,0,0.000000,1,1,1
hold,38.987177,596,153,596,153,0,0,0.000000,1,1,1
hold,38.997009,596,153,596,153,0,0,0.000000,1,1,1
hold,39.014579,660,166,660,166,0,0,0.000000,1,1,1
hold,39.029748,660,166,660,166,0,0,0.000000,1,1,1
hold,39.049008,660,166,660,166,0,0,0.000000,1,1,1
hold,39.064501,746,182,746,182,0,0,0.000000,1,1,1
hold,39.076605,746,182,746,182,0,0,0.000000,1,1,1
hold,39.097521,746,182,746,182,0,0,0.000000,1,1,1
hold,39.107730,800,191,800,191,0,0,0.000000,1,1,1
hold,39.125109,800,191,800,191,0,0,0.000000,1,1,1
hold,39.135305,800,191,800,191,0,0,0.000000,1,1,1
hold,39.149955,855,200,855,200,0,0,0.000000,1,1,1
hold,39.165197,855,200,855,200,0,0,0.000000,1,1,1
hold,39.177231,855,200,855,200,0,0,0.000000,1,1,1
hold,39.187576,883,212,883,212,0,0,0.000000,1,1,1
hold,39.200007,883,212,883,212,0,0,0.000000,1,1,1
hold,39.214752,883,212,883,212,0,0,0.000000,1,1,1
hold,39.230455,883,221,883,221,0,0,0.000000,1,1,1
hold,39.241939,883,221,883,221,0,0,0.000000,1,1,1
hold,39.259983,883,221,883,221,0,0,0.000000,1,1,1
hold,39.275835,883,236,883,236,0,0,0.000000,1,1,1
hold,39.288449,883,236,883,236,0,0,0.000000,1,1,1
hold,39.298353,883,236,883,236,0,0,0.000000,1,1,1
hold,39.318790,883,250,883,250,0,0,0.000000,1,1,1
hold,39.331241,883,250,883,250,0,0,0.000000,1,1,1
hold,39.350122,883,250,883,250,0,0,0.000000,1,1,1
hold,39.364566,883,268,883,268,0,0,0.000000,1,1,1
hold,39.383603,883,268,883,268,0,0,0.000000,1,1,1
hold,39.396696,883,268,883,268,0,0,0.000000,1,1,1
hold,39.409531,883,284,883,284,0,0,0.000000,1,1,1
hold,39.423025,883,284,883,284,0,0,0.000000,1,1,1
hold,39.433234,883,284,883,284,0,0,0.000000,1,1,1
hold,39.448595,883,301,883,301,0,0,0.000000,1,1,1
hold,39.460538,883,301,883,301,0,0,0.000000,1,1,1
hold,39.473963,883,301,883,301,0,0,0.000000,1,1,1
hold,39.486593,883,320,883,320,0,0,0.000000,1,1,1
hold,39.501026,883,320,883,320,0,0,0.000000,1,1,1
hold,39.513000,883,320,883,320,0,0,0.000000,1,1,1
hold,39.521674,883,320,883,320,0,0,0.000000,1,1,1
hold,39.533215,883,342,883,342,0,0,0.000000,1,1,1
hold,39.545074,883,342,883,342,0,0,0.000000,1,1,1
hold,39.557079,883,342,883,342,0,0,0.000000,1,1,1
hold,39.567883,883,342,883,342,0,0,0.000000,1,1,1
hold,39.575735,883,364,883,364,0,0,0.000000,1,1,1
hold,39.587156,883,364,883,364,0,0,0.000000,1,1,1
hold,39.599388,883,364,883,364,0,0,0.000000,1,1,1
hold,39.613635,883,364,883,364,0,0,0.000000,1,1,1
hold,39.623666,883,387,883,387,0,0,0.000000,1,1,1
hold,39.646387,883,387,883,387,0,0,0.000000,1,1,1
hold,39.666793,883,387,883,387,0,0,0.000000,1,1,1
hold,39.677927,883,410,883,410,0,0,0.000000,1,1,1
hold,39.689678,883,410,883,410,0,0,0.000000,1,1,1
hold,39.701374,883,410,883,410,0,0,0.000000,1,1,1
hold,39.711724,883,410,883,410,0,0,0.000000,1,1,1
hold,39.719698,883,434,883,434,0,0,0.000000,1,1,1
hold,39.735050,883,434,883,434,0,0,0.000000,1,1,1
hold,39.750108,883,434,883,434,0,0,0.000000,1,1,1
hold,39.765271,883,466,883,466,0,0,0.000000,1,1,1
hold,39.776835,883,466,883,466,0,0,0.000000,1,1,1
hold,39.786448,883,466,883,466,0,0,0.000000,1,1,1
hold,39.805661,883,494,883,494,0,0,0.000000,1,1,1
hold,39.822296,883,494,883,494,0,0,0.000000,1,1,1
hold,39.831279,883,494,883,494,0,0,0.000000,1,1,1
hold,39.845321,883,523,883,523,0,0,0.000000,1,1,1
hold,39.867775,883,523,883,523,0,0,0.000000,1,1,1
hold,39.878389,883,523,883,523,0,0,0.000000,1,1,1
hold,39.897382,883,554,883,554,0,0,0.000000,1,1,1
hold,39.911532,883,554,883,554,0,0,0.000000,1,1,1
hold,39.919555,883,554,883,554,0,0,0.000000,1,1,1
hold,39.932339,883,594,883,594,0,0,0.000000,1,1,1
hold,39.944953,883,594,883,594,0,0,0.000000,1,1,1
hold,39.959710,883,594,883,594,0,0,0.000000,1,1,1
hold,39.970872,883,628,883,628,0,0,0.000000,1,1,1
hold,39.978961,883,628,883,628,0,0,0.000000,1,1,1
hold,39.990224,883,628,883,628,0,0,0.000000,1,1,1
hold,39.999982,883,628,883,628,0,0,0.000000,1,1,1
hold,40.014595,883,671,883,671,0,0,0.000000,1,1,1
hold,40.030802,883,671,883,671,0,0,0.000000,1,1,1
hold,40.044081,883,671,883,671,0,0,0.000000,1,1,1
hold,40.052262,883,691,883,691,0,0,0.000000,1,1,1
hold,40.063495,883,691,883,691,0,0,0.000000,1,1,1
hold,40.085097,883,691,883,691,0,0,0.000000,1,1,1
